CustomerID,recency_days,frequency_purchase_count,monetary_total_spend,gift_purchases,is_high_value,rawPrediction,probability,prediction,recency_days,frequency_purchase_count,monetary_total_spend,gift_purchases,is_high_value
15512,36,6,101.2,0,0,"{""type"":""1"",""size"":null,""indices"":null,""values"":[""4.16907496711743"",""-4.16907496711743""]}","{""type"":""1"",""size"":null,""indices"":null,""values"":[""0.9847690104370442"",""0.015230989562955766""]}",0,36,6,101.2,0,0
17838,42,40,877.3600000000002,0,0,"{""type"":""1"",""size"":null,""indices"":null,""values"":[""3.6956008749798075"",""-3.6956008749798075""]}","{""type"":""1"",""size"":null,""indices"":null,""values"":[""0.9757691844695531"",""0.024230815530446925""]}",0,42,40,877.3600000000002,0,0
17041,37,17,304.5,0,0,"{""type"":""1"",""size"":null,""indices"":null,""values"":[""3.9769391584049303"",""-3.9769391584049303""]}","{""type"":""1"",""size"":null,""indices"":null,""values"":[""0.9816019131439309"",""0.01839808685606914""]}",0,37,17,304.5,0,0
14715,8,13,137.95,0,0,"{""type"":""1"",""size"":null,""indices"":null,""values"":[""2.861617003465132"",""-2.861617003465132""]}","{""type"":""1"",""size"":null,""indices"":null,""values"":[""0.9459160832241607"",""0.05408391677583935""]}",0,8,13,137.95,0,0
16550,45,48,554.6599999999999,0,0,"{""type"":""1"",""size"":null,""indices"":null,""values"":[""3.649928417699633"",""-3.649928417699633""]}","{""type"":""1"",""size"":null,""indices"":null,""values"":[""0.9746655292775463"",""0.02533447072245365""]}",0,45,48,554.6599999999999,0,0
16532,15,1,1910.4,0,0,"{""type"":""1"",""size"":null,""indices"":null,""values"":[""3.4060828316097096"",""-3.4060828316097096""]}","{""type"":""1"",""size"":null,""indices"":null,""values"":[""0.9678940989128075"",""0.03210590108719247""]}",0,15,1,1910.4,0,0
15033,6,61,542.7,0,0,"{""type"":""1"",""size"":null,""indices"":null,""values"":[""1.7598307080896232"",""-1.7598307080896232""]}","{""type"":""1"",""size"":null,""indices"":null,""values"":[""0.8531884563148837"",""0.14681154368511629""]}",0,6,61,542.7,0,0
14415,2,106,1067.3300000000002,0,0,"{""type"":""1"",""size"":null,""indices"":null,""values"":[""0.6389574538075466"",""-0.6389574538075466""]}","{""type"":""1"",""size"":null,""indices"":null,""values"":[""0.6545177536078889"",""0.3454822463921111""]}",0,2,106,1067.3300000000002,0,0
12393,6,22,639.5,0,0,"{""type"":""1"",""size"":null,""indices"":null,""values"":[""2.587777259507049"",""-2.587777259507049""]}","{""type"":""1"",""size"":null,""indices"":null,""values"":[""0.9300707901702525"",""0.06992920982974749""]}",0,6,22,639.5,0,0
17214,36,14,171.05000000000004,0,0,"{""type"":""1"",""size"":null,""indices"":null,""values"":[""3.999239777083086"",""-3.999239777083086""]}","{""type"":""1"",""size"":null,""indices"":null,""values"":[""0.982000357522334"",""0.017999642477665945""]}",0,36,14,171.05000000000004,0,0
14784,0,4,114.68,0,0,"{""type"":""1"",""size"":null,""indices"":null,""values"":[""2.721580971575984"",""-2.721580971575984""]}","{""type"":""1"",""size"":null,""indices"":null,""values"":[""0.9382881409902227"",""0.06171185900977727""]}",0,0,4,114.68,0,0
17339,42,4,60,0,0,"{""type"":""1"",""size"":null,""indices"":null,""values"":[""4.459859230134354"",""-4.459859230134354""]}","{""type"":""1"",""size"":null,""indices"":null,""values"":[""0.9885682061274872"",""0.011431793872512808""]}",0,42,4,60,0,0
15296,3,61,1199.33,2,0,"{""type"":""1"",""size"":null,""indices"":null,""values"":[""1.55029156466853"",""-1.55029156466853""]}","{""type"":""1"",""size"":null,""indices"":null,""values"":[""0.8249558388428593"",""0.17504416115714072""]}",0,3,61,1199.33,2,0
16122,9,19,249.84000000000003,0,0,"{""type"":""1"",""size"":null,""indices"":null,""values"":[""2.7756281885240974"",""-2.7756281885240974""]}","{""type"":""1"",""size"":null,""indices"":null,""values"":[""0.941344520064423"",""0.05865547993557696""]}",0,9,19,249.84000000000003,0,0
14573,49,68,397.6499999999998,0,0,"{""type"":""1"",""size"":null,""indices"":null,""values"":[""3.3908907529526657"",""-3.3908907529526657""]}","{""type"":""1"",""size"":null,""indices"":null,""values"":[""0.9674186327602612"",""0.03258136723973881""]}",0,49,68,397.6499999999998,0,0
16779,8,58,1430.1800000000003,1,0,"{""type"":""1"",""size"":null,""indices"":null,""values"":[""1.8636058541884866"",""-1.8636058541884866""]}","{""type"":""1"",""size"":null,""indices"":null,""values"":[""0.8657166863671127"",""0.13428331363288726""]}",0,8,58,1430.1800000000003,1,0
13999,38,17,302.1,1,0,"{""type"":""1"",""size"":null,""indices"":null,""values"":[""3.9756385306561914"",""-3.9756385306561914""]}","{""type"":""1"",""size"":null,""indices"":null,""values"":[""0.9815784096116661"",""0.01842159038833391""]}",0,38,17,302.1,1,0
13769,3,29,626.3200000000003,0,0,"{""type"":""1"",""size"":null,""indices"":null,""values"":[""2.315008735472829"",""-2.315008735472829""]}","{""type"":""1"",""size"":null,""indices"":null,""values"":[""0.9101124513782164"",""0.08988754862178361""]}",0,3,29,626.3200000000003,0,0
15350,50,5,115.65,0,0,"{""type"":""1"",""size"":null,""indices"":null,""values"":[""4.769730452057846"",""-4.769730452057846""]}","{""type"":""1"",""size"":null,""indices"":null,""values"":[""0.9915886840495857"",""0.008411315950414333""]}",0,50,5,115.65,0,0
14185,8,3,197.65,0,0,"{""type"":""1"",""size"":null,""indices"":null,""values"":[""3.073910991008062"",""-3.073910991008062""]}","{""type"":""1"",""size"":null,""indices"":null,""values"":[""0.9558036792562072"",""0.04419632074379276""]}",0,8,3,197.65,0,0
17707,13,3,83.7,0,0,"{""type"":""1"",""size"":null,""indices"":null,""values"":[""3.2808488789316774"",""-3.2808488789316774""]}","{""type"":""1"",""size"":null,""indices"":null,""values"":[""0.9637659391300318"",""0.036234060869968165""]}",0,13,3,83.7,0,0
16161,7,90,774.4500000000002,0,0,"{""type"":""1"",""size"":null,""indices"":null,""values"":[""1.18556572179985"",""-1.18556572179985""]}","{""type"":""1"",""size"":null,""indices"":null,""values"":[""0.765947059247926"",""0.23405294075207395""]}",0,7,90,774.4500000000002,0,0
17739,10,12,682.59,0,0,"{""type"":""1"",""size"":null,""indices"":null,""values"":[""2.965621557388871"",""-2.965621557388871""]}","{""type"":""1"",""size"":null,""indices"":null,""values"":[""0.950996635114291"",""0.049003364885709""]}",0,10,12,682.59,0,0
12748,2,660,4560.9699999999975,4,1,"{""type"":""1"",""size"":null,""indices"":null,""values"":[""-11.292882277404606"",""11.292882277404606""]}","{""type"":""1"",""size"":null,""indices"":null,""values"":[""1.2461150185501457E-5"",""0.9999875388498145""]}",1,2,660,4560.9699999999975,4,1
18004,39,32,139.52,0,0,"{""type"":""1"",""size"":null,""indices"":null,""values"":[""3.741273332259982"",""-3.741273332259982""]}","{""type"":""1"",""size"":null,""indices"":null,""values"":[""0.976825903857578"",""0.02317409614242205""]}",0,39,32,139.52,0,0
16727,41,41,240.47,0,0,"{""type"":""1"",""size"":null,""indices"":null,""values"":[""3.6329838986407914"",""-3.6329838986407914""]}","{""type"":""1"",""size"":null,""indices"":null,""values"":[""0.9742437421142826"",""0.02575625788571745""]}",0,41,41,240.47,0,0
17358,32,40,232.80999999999995,0,0,"{""type"":""1"",""size"":null,""indices"":null,""values"":[""3.2817250991325766"",""-3.2817250991325766""]}","{""type"":""1"",""size"":null,""indices"":null,""values"":[""0.9637965253193509"",""0.036203474680649106""]}",0,32,40,232.80999999999995,0,0
15353,44,12,311.65000000000003,0,0,"{""type"":""1"",""size"":null,""indices"":null,""values"":[""4.372799195269457"",""-4.372799195269457""]}","{""type"":""1"",""size"":null,""indices"":null,""values"":[""0.9875413006229461"",""0.012458699377053906""]}",0,44,12,311.65000000000003,0,0
14209,9,16,347.95,0,0,"{""type"":""1"",""size"":null,""indices"":null,""values"":[""2.8393163847869762"",""-2.8393163847869762""]}","{""type"":""1"",""size"":null,""indices"":null,""values"":[""0.9447637984902157"",""0.055236201509784255""]}",0,9,16,347.95,0,0
15854,6,20,444.3,0,0,"{""type"":""1"",""size"":null,""indices"":null,""values"":[""2.630236057015635"",""-2.630236057015635""]}","{""type"":""1"",""size"":null,""indices"":null,""values"":[""0.9327823515660736"",""0.06721764843392641""]}",0,6,20,444.3,0,0
15529,0,75,569.6299999999999,1,0,"{""type"":""1"",""size"":null,""indices"":null,""values"":[""1.1716054546877213"",""-1.1716054546877213""]}","{""type"":""1"",""size"":null,""indices"":null,""values"":[""0.7634350866006269"",""0.23656491339937313""]}",0,0,75,569.6299999999999,1,0
12942,42,16,258.75000000000006,0,0,"{""type"":""1"",""size"":null,""indices"":null,""values"":[""4.205106445082839"",""-4.205106445082839""]}","{""type"":""1"",""size"":null,""indices"":null,""values"":[""0.9853001126197835"",""0.014699887380216548""]}",0,42,16,258.75000000000006,0,0
14114,7,11,195.12999999999997,0,0,"{""type"":""1"",""size"":null,""indices"":null,""values"":[""2.8626882233889948"",""-2.8626882233889948""]}","{""type"":""1"",""size"":null,""indices"":null,""values"":[""0.9459708594296333"",""0.054029140570366674""]}",0,7,11,195.12999999999997,0,0
17191,45,71,502.61000000000007,0,0,"{""type"":""1"",""size"":null,""indices"":null,""values"":[""3.1616522463508945"",""-3.1616522463508945""]}","{""type"":""1"",""size"":null,""indices"":null,""values"":[""0.9593654055577111"",""0.040634594442288896""]}",0,45,71,502.61000000000007,0,0
17033,36,8,307.8,0,0,"{""type"":""1"",""size"":null,""indices"":null,""values"":[""4.126616169608844"",""-4.126616169608844""]}","{""type"":""1"",""size"":null,""indices"":null,""values"":[""0.9841188870196447"",""0.015881112980355327""]}",0,36,8,307.8,0,0
13838,46,48,225.70999999999998,1,0,"{""type"":""1"",""size"":null,""indices"":null,""values"":[""3.6486277899508943"",""-3.6486277899508943""]}","{""type"":""1"",""size"":null,""indices"":null,""values"":[""0.9746333935159601"",""0.025366606484039878""]}",0,46,48,225.70999999999998,1,0
16010,39,24,110.10000000000001,0,0,"{""type"":""1"",""size"":null,""indices"":null,""values"":[""3.9111085222943256"",""-3.9111085222943256""]}","{""type"":""1"",""size"":null,""indices"":null,""values"":[""0.9803745696849546"",""0.019625430315045378""]}",0,39,24,110.10000000000001,0,0
12785,41,14,311.95,0,0,"{""type"":""1"",""size"":null,""indices"":null,""values"":[""4.2061776650067015"",""-4.2061776650067015""]}","{""type"":""1"",""size"":null,""indices"":null,""values"":[""0.9853156198925148"",""0.014684380107485184""]}",0,41,14,311.95,0,0
14669,9,107,820.4000000000001,1,0,"{""type"":""1"",""size"":null,""indices"":null,""values"":[""0.8647528928128541"",""-0.8647528928128541""]}","{""type"":""1"",""size"":null,""indices"":null,""values"":[""0.703652712425285"",""0.29634728757471496""]}",0,9,107,820.4000000000001,1,0
15602,9,5,212.54999999999998,0,0,"{""type"":""1"",""size"":null,""indices"":null,""values"":[""3.072839771084199"",""-3.072839771084199""]}","{""type"":""1"",""size"":null,""indices"":null,""values"":[""0.9557584056053069"",""0.04424159439469311""]}",0,9,5,212.54999999999998,0,0
17381,10,12,3815.72,0,1,"{""type"":""1"",""size"":null,""indices"":null,""values"":[""2.965621557388871"",""-2.965621557388871""]}","{""type"":""1"",""size"":null,""indices"":null,""values"":[""0.950996635114291"",""0.049003364885709""]}",0,10,12,3815.72,0,1
16746,4,45,692.0400000000001,0,0,"{""type"":""1"",""size"":null,""indices"":null,""values"":[""2.0167259329888645"",""-2.0167259329888645""]}","{""type"":""1"",""size"":null,""indices"":null,""values"":[""0.882542038989436"",""0.11745796101056405""]}",0,4,45,692.0400000000001,0,0
14594,50,31,254.99999999999997,2,0,"{""type"":""1"",""size"":null,""indices"":null,""values"":[""4.132389673779306"",""-4.132389673779306""]}","{""type"":""1"",""size"":null,""indices"":null,""values"":[""0.984208868802978"",""0.015791131197022024""]}",0,50,31,254.99999999999997,2,0
13959,39,16,214.73999999999998,0,0,"{""type"":""1"",""size"":null,""indices"":null,""values"":[""4.080943712328669"",""-4.080943712328669""]}","{""type"":""1"",""size"":null,""indices"":null,""values"":[""0.9833890664771652"",""0.016610933522834825""]}",0,39,16,214.73999999999998,0,0
12705,34,30,858.0000000000001,0,0,"{""type"":""1"",""size"":null,""indices"":null,""values"":[""3.5767942418449525"",""-3.5767942418449525""]}","{""type"":""1"",""size"":null,""indices"":null,""values"":[""0.9727955729691957"",""0.02720442703080428""]}",0,34,30,858.0000000000001,0,0
14794,11,9,179.1,0,0,"{""type"":""1"",""size"":null,""indices"":null,""values"":[""3.0706973312364734"",""-3.0706973312364734""]}","{""type"":""1"",""size"":null,""indices"":null,""values"":[""0.9556677255796093"",""0.04433227442039067""]}",0,11,9,179.1,0,0
13097,14,52,1076.1899999999996,0,0,"{""type"":""1"",""size"":null,""indices"":null,""values"":[""2.2819959175560447"",""-2.2819959175560447""]}","{""type"":""1"",""size"":null,""indices"":null,""values"":[""0.907374931550484"",""0.09262506844951601""]}",0,14,52,1076.1899999999996,0,0
17524,38,6,145,0,0,"{""type"":""1"",""size"":null,""indices"":null,""values"":[""4.251850122286876"",""-4.251850122286876""]}","{""type"":""1"",""size"":null,""indices"":null,""values"":[""0.9859620034088681"",""0.014037996591131918""]}",0,38,6,145,0,0
16686,32,79,345.22999999999996,1,0,"{""type"":""1"",""size"":null,""indices"":null,""values"":[""2.411090342381689"",""-2.411090342381689""]}","{""type"":""1"",""size"":null,""indices"":null,""values"":[""0.9176690975162269"",""0.08233090248377306""]}",0,32,79,345.22999999999996,1,0
15070,49,1,106.2,0,0,"{""type"":""1"",""size"":null,""indices"":null,""values"":[""4.813260469490295"",""-4.813260469490295""]}","{""type"":""1"",""size"":null,""indices"":null,""values"":[""0.9919440876685203"",""0.008055912331479731""]}",0,49,1,106.2,0,0
17324,8,17,702.2299999999999,0,0,"{""type"":""1"",""size"":null,""indices"":null,""values"":[""2.77669940844796"",""-2.77669940844796""]}","{""type"":""1"",""size"":null,""indices"":null,""values"":[""0.9414036395321882"",""0.0585963604678118""]}",0,8,17,702.2299999999999,0,0
13455,43,30,692.9399999999999,0,0,"{""type"":""1"",""size"":null,""indices"":null,""values"":[""3.94928244010746"",""-3.94928244010746""]}","{""type"":""1"",""size"":null,""indices"":null,""values"":[""0.9810957341485579"",""0.018904265851442115""]}",0,43,30,692.9399999999999,0,0
16519,42,5,103.7,0,0,"{""type"":""1"",""size"":null,""indices"":null,""values"":[""4.438629831380061"",""-4.438629831380061""]}","{""type"":""1"",""size"":null,""indices"":null,""values"":[""0.9883257851117946"",""0.011674214888205414""]}",0,42,5,103.7,0,0
14060,10,29,1276.6999999999998,0,0,"{""type"":""1"",""size"":null,""indices"":null,""values"":[""2.604721778565891"",""-2.604721778565891""]}","{""type"":""1"",""size"":null,""indices"":null,""values"":[""0.9311648477521743"",""0.06883515224782566""]}",0,10,29,1276.6999999999998,0,0
17787,0,72,1191.54,0,0,"{""type"":""1"",""size"":null,""indices"":null,""values"":[""1.277981856284062"",""-1.277981856284062""]}","{""type"":""1"",""size"":null,""indices"":null,""values"":[""0.7821060478967268"",""0.21789395210327323""]}",0,0,72,1191.54,0,0
17457,16,4,385.79999999999995,0,0,"{""type"":""1"",""size"":null,""indices"":null,""values"":[""3.383782212931554"",""-3.383782212931554""]}","{""type"":""1"",""size"":null,""indices"":null,""values"":[""0.96719382683799"",""0.032806173162009955""]}",0,16,4,385.79999999999995,0,0
17950,42,39,263.16999999999996,0,0,"{""type"":""1"",""size"":null,""indices"":null,""values"":[""3.7168302737341006"",""-3.7168302737341006""]}","{""type"":""1"",""size"":null,""indices"":null,""values"":[""0.9762660881113497"",""0.02373391188865026""]}",0,42,39,263.16999999999996,0,0
12971,8,34,830.0700000000002,0,0,"{""type"":""1"",""size"":null,""indices"":null,""values"":[""2.4157996296249795"",""-2.4157996296249795""]}","{""type"":""1"",""size"":null,""indices"":null,""values"":[""0.9180241969485411"",""0.0819758030514589""]}",0,8,34,830.0700000000002,0,0
16748,11,15,479,0,0,"{""type"":""1"",""size"":null,""indices"":null,""values"":[""2.9433209387107153"",""-2.9433209387107153""]}","{""type"":""1"",""size"":null,""indices"":null,""values"":[""0.9499468663513819"",""0.050053133648618076""]}",0,11,15,479,0,0
14713,35,44,425.8499999999998,0,0,"{""type"":""1"",""size"":null,""indices"":null,""values"":[""3.3209702368695737"",""-3.3209702368695737""]}","{""type"":""1"",""size"":null,""indices"":null,""values"":[""0.9651412484832608"",""0.03485875151673923""]}",0,35,44,425.8499999999998,0,0
15716,46,35,519.25,1,0,"{""type"":""1"",""size"":null,""indices"":null,""values"":[""3.924609973756703"",""-3.924609973756703""]}","{""type"":""1"",""size"":null,""indices"":null,""values"":[""0.9806326634410619"",""0.019367336558938075""]}",0,46,35,519.25,1,0
15811,34,23,438.79999999999995,1,0,"{""type"":""1"",""size"":null,""indices"":null,""values"":[""3.6827118277915414"",""-3.6827118277915414""]}","{""type"":""1"",""size"":null,""indices"":null,""values"":[""0.9754625639049428"",""0.024537436095057208""]}",0,34,23,438.79999999999995,1,0
16168,46,3,275.79999999999995,0,0,"{""type"":""1"",""size"":null,""indices"":null,""values"":[""4.64663893922754"",""-4.64663893922754""]}","{""type"":""1"",""size"":null,""indices"":null,""values"":[""0.9904973731127996"",""0.009502626887200383""]}",0,46,3,275.79999999999995,0,0
12578,7,70,1608.6599999999999,0,0,"{""type"":""1"",""size"":null,""indices"":null,""values"":[""1.6101536968857095"",""-1.6101536968857095""]}","{""type"":""1"",""size"":null,""indices"":null,""values"":[""0.8334327241221307"",""0.16656727587786935""]}",0,7,70,1608.6599999999999,0,0
17978,42,12,300.91999999999996,0,0,"{""type"":""1"",""size"":null,""indices"":null,""values"":[""4.290024040100011"",""-4.290024040100011""]}","{""type"":""1"",""size"":null,""indices"":null,""values"":[""0.9864806809697045"",""0.013519319030295462""]}",0,42,12,300.91999999999996,0,0
13817,28,9,128.70000000000002,0,0,"{""type"":""1"",""size"":null,""indices"":null,""values"":[""3.774286150176766"",""-3.774286150176766""]}","{""type"":""1"",""size"":null,""indices"":null,""values"":[""0.9775615697136629"",""0.022438430286337074""]}",0,28,9,128.70000000000002,0,0
14083,31,91,444.3599999999999,0,0,"{""type"":""1"",""size"":null,""indices"":null,""values"":[""2.1576381850789117"",""-2.1576381850789117""]}","{""type"":""1"",""size"":null,""indices"":null,""values"":[""0.8963803823291322"",""0.1036196176708678""]}",0,31,91,444.3599999999999,0,0
14156,6,44,17096.92,2,1,"{""type"":""1"",""size"":null,""indices"":null,""values"":[""2.03535407624568"",""-2.03535407624568""]}","{""type"":""1"",""size"":null,""indices"":null,""values"":[""0.8844593436605821"",""0.1155406563394179""]}",0,6,44,17096.92,2,1
14916,1,15,295.05,0,0,"{""type"":""1"",""size"":null,""indices"":null,""values"":[""2.5294451628634844"",""-2.5294451628634844""]}","{""type"":""1"",""size"":null,""indices"":null,""values"":[""0.9261804280166464"",""0.07381957198335365""]}",0,1,15,295.05,0,0
16393,39,20,291.5499999999999,0,0,"{""type"":""1"",""size"":null,""indices"":null,""values"":[""3.9960261173114975"",""-3.9960261173114975""]}","{""type"":""1"",""size"":null,""indices"":null,""values"":[""0.9819434659044958"",""0.01805653409550423""]}",0,39,20,291.5499999999999,0,0
17760,50,9,172.54,0,0,"{""type"":""1"",""size"":null,""indices"":null,""values"":[""4.684812857040674"",""-4.684812857040674""]}","{""type"":""1"",""size"":null,""indices"":null,""values"":[""0.9908500324183666"",""0.009149967581633445""]}",0,50,9,172.54,0,0
15192,42,15,315,0,0,"{""type"":""1"",""size"":null,""indices"":null,""values"":[""4.226335843837132"",""-4.226335843837132""]}","{""type"":""1"",""size"":null,""indices"":null,""values"":[""0.9856044481143311"",""0.014395551885668878""]}",0,42,15,315,0,0
13750,13,1,325.44,0,0,"{""type"":""1"",""size"":null,""indices"":null,""values"":[""3.323307676440263"",""-3.323307676440263""]}","{""type"":""1"",""size"":null,""indices"":null,""values"":[""0.9652198029662103"",""0.03478019703378965""]}",0,13,1,325.44,0,0
13784,9,4,113.63999999999999,0,0,"{""type"":""1"",""size"":null,""indices"":null,""values"":[""3.094069169838492"",""-3.094069169838492""]}","{""type"":""1"",""size"":null,""indices"":null,""values"":[""0.9566474401330752"",""0.04335255986692477""]}",0,9,4,113.63999999999999,0,0
15856,28,53,3281.3099999999995,0,1,"{""type"":""1"",""size"":null,""indices"":null,""values"":[""2.840192604987875"",""-2.840192604987875""]}","{""type"":""1"",""size"":null,""indices"":null,""values"":[""0.944809506368919"",""0.05519049363108097""]}",0,28,53,3281.3099999999995,0,1
14215,7,43,762.0600000000003,0,0,"{""type"":""1"",""size"":null,""indices"":null,""values"":[""2.1833474632516197"",""-2.1833474632516197""]}","{""type"":""1"",""size"":null,""indices"":null,""values"":[""0.8987441086275463"",""0.10125589137245372""]}",0,7,43,762.0600000000003,0,0
16817,36,15,367.29999999999995,0,0,"{""type"":""1"",""size"":null,""indices"":null,""values"":[""3.978010378328793"",""-3.978010378328793""]}","{""type"":""1"",""size"":null,""indices"":null,""values"":[""0.9816212489670982"",""0.018378751032901763""]}",0,36,15,367.29999999999995,0,0
17389,6,4,236.93999999999997,0,0,"{""type"":""1"",""size"":null,""indices"":null,""values"":[""2.9699064370843224"",""-2.9699064370843224""]}","{""type"":""1"",""size"":null,""indices"":null,""values"":[""0.951195933785424"",""0.048804066214576""]}",0,6,4,236.93999999999997,0,0
16134,36,16,283.53000000000003,0,0,"{""type"":""1"",""size"":null,""indices"":null,""values"":[""3.9567809795745"",""-3.9567809795745""]}","{""type"":""1"",""size"":null,""indices"":null,""values"":[""0.9812343082122136"",""0.01876569178778642""]}",0,36,16,283.53000000000003,0,0
14684,39,44,168.36,0,0,"{""type"":""1"",""size"":null,""indices"":null,""values"":[""3.486520547208466"",""-3.486520547208466""]}","{""type"":""1"",""size"":null,""indices"":null,""values"":[""0.9703017950434374"",""0.029698204956562613""]}",0,39,44,168.36,0,0
16850,10,19,332.41,0,0,"{""type"":""1"",""size"":null,""indices"":null,""values"":[""2.8170157661088204"",""-2.8170157661088204""]}","{""type"":""1"",""size"":null,""indices"":null,""values"":[""0.943588427844812"",""0.056411572155187995""]}",0,10,19,332.41,0,0
17735,44,22,454.59999999999997,0,0,"{""type"":""1"",""size"":null,""indices"":null,""values"":[""4.160505207726527"",""-4.160505207726527""]}","{""type"":""1"",""size"":null,""indices"":null,""values"":[""0.9846399371338371"",""0.015360062866162871""]}",0,44,22,454.59999999999997,0,0
18075,37,12,198.95000000000002,0,0,"{""type"":""1"",""size"":null,""indices"":null,""values"":[""4.083086152176395"",""-4.083086152176395""]}","{""type"":""1"",""size"":null,""indices"":null,""values"":[""0.9834240270347367"",""0.016575972965263253""]}",0,37,12,198.95000000000002,0,0
15545,48,31,135.33,0,0,"{""type"":""1"",""size"":null,""indices"":null,""values"":[""4.134990929276783"",""-4.134990929276783""]}","{""type"":""1"",""size"":null,""indices"":null,""values"":[""0.9842492460412432"",""0.015750753958756802""]}",0,48,31,135.33,0,0
17551,36,39,290.34,0,0,"{""type"":""1"",""size"":null,""indices"":null,""values"":[""3.4685048082257617"",""-3.4685048082257617""]}","{""type"":""1"",""size"":null,""indices"":null,""values"":[""0.9697782275775542"",""0.030221772422445836""]}",0,36,39,290.34,0,0
13183,11,20,625.0400000000001,0,0,"{""type"":""1"",""size"":null,""indices"":null,""values"":[""2.837173944939251"",""-2.837173944939251""]}","{""type"":""1"",""size"":null,""indices"":null,""values"":[""0.9446518883222412"",""0.05534811167775877""]}",0,11,20,625.0400000000001,0,0
16353,8,12,1057.6,0,0,"{""type"":""1"",""size"":null,""indices"":null,""values"":[""2.882846402219425"",""-2.882846402219425""]}","{""type"":""1"",""size"":null,""indices"":null,""values"":[""0.9469919298408225"",""0.05300807015917752""]}",0,8,12,1057.6,0,0
15752,49,14,259.65000000000003,0,0,"{""type"":""1"",""size"":null,""indices"":null,""values"":[""4.537278285684486"",""-4.537278285684486""]}","{""type"":""1"",""size"":null,""indices"":null,""values"":[""0.9894108344175214"",""0.010589165582478577""]}",0,49,14,259.65000000000003,0,0
14113,31,2,433.5,0,0,"{""type"":""1"",""size"":null,""indices"":null,""values"":[""4.047054674210987"",""-4.047054674210987""]}","{""type"":""1"",""size"":null,""indices"":null,""values"":[""0.9828263239252433"",""0.017173676074756727""]}",0,31,2,433.5,0,0
15021,43,45,177.04,0,0,"{""type"":""1"",""size"":null,""indices"":null,""values"":[""3.6308414587930655"",""-3.6308414587930655""]}","{""type"":""1"",""size"":null,""indices"":null,""values"":[""0.9741899274859731"",""0.025810072514026894""]}",0,43,45,177.04,0,0
15316,3,1,165,0,0,"{""type"":""1"",""size"":null,""indices"":null,""values"":[""2.9094319005930322"",""-2.9094319005930322""]}","{""type"":""1"",""size"":null,""indices"":null,""values"":[""0.9483107248157431"",""0.05168927518425692""]}",0,3,1,165,0,0
12652,8,48,919.9800000000002,0,0,"{""type"":""1"",""size"":null,""indices"":null,""values"":[""2.118588047064878"",""-2.118588047064878""]}","{""type"":""1"",""size"":null,""indices"":null,""values"":[""0.8926967545609572"",""0.1073032454390428""]}",0,8,48,919.9800000000002,0,0
15867,10,114,793.1599999999999,1,0,"{""type"":""1"",""size"":null,""indices"":null,""values"":[""0.7575346791175259"",""-0.7575346791175259""]}","{""type"":""1"",""size"":null,""indices"":null,""values"":[""0.6808182468002605"",""0.3191817531997395""]}",0,10,114,793.1599999999999,1,0
15039,1,239,3482.8199999999993,0,1,"{""type"":""1"",""size"":null,""indices"":null,""values"":[""-2.2259401580981413"",""2.2259401580981413""]}","{""type"":""1"",""size"":null,""indices"":null,""values"":[""0.09744511924251188"",""0.9025548807574881""]}",1,1,239,3482.8199999999993,0,1
14090,1,1,76.32000000000001,0,0,"{""type"":""1"",""size"":null,""indices"":null,""values"":[""2.826656745423586"",""-2.826656745423586""]}","{""type"":""1"",""size"":null,""indices"":null,""values"":[""0.9440994212035538"",""0.055900578796446165""]}",0,1,1,76.32000000000001,0,0
15012,50,46,172.28999999999996,0,0,"{""type"":""1"",""size"":null,""indices"":null,""values"":[""3.899325103131835"",""-3.899325103131835""]}","{""type"":""1"",""size"":null,""indices"":null,""values"":[""0.98014656551661"",""0.019853434483390053""]}",0,50,46,172.28999999999996,0,0
12484,13,98,1138.6699999999998,4,0,"{""type"":""1"",""size"":null,""indices"":null,""values"":[""1.0933031759399974"",""-1.0933031759399974""]}","{""type"":""1"",""size"":null,""indices"":null,""values"":[""0.7490032207013874"",""0.25099677929861264""]}",0,13,98,1138.6699999999998,4,0
16150,49,22,393.41999999999996,0,0,"{""type"":""1"",""size"":null,""indices"":null,""values"":[""4.367443095650143"",""-4.367443095650143""]}","{""type"":""1"",""size"":null,""indices"":null,""values"":[""0.9874752295827396"",""0.012524770417260411""]}",0,49,22,393.41999999999996,0,0
15164,16,15,168.43999999999997,0,0,"{""type"":""1"",""size"":null,""indices"":null,""values"":[""3.1502588266343308"",""-3.1502588266343308""]}","{""type"":""1"",""size"":null,""indices"":null,""values"":[""0.9589189190785071"",""0.041081080921492874""]}",0,16,15,168.43999999999997,0,0
16401,4,14,487.9,0,0,"{""type"":""1"",""size"":null,""indices"":null,""values"":[""2.6748372943719465"",""-2.6748372943719465""]}","{""type"":""1"",""size"":null,""indices"":null,""values"":[""0.9355254208435682"",""0.06447457915643184""]}",0,4,14,487.9,0,0
16770,35,12,262.20000000000005,0,0,"{""type"":""1"",""size"":null,""indices"":null,""values"":[""4.000310997006949"",""-4.000310997006949""]}","{""type"":""1"",""size"":null,""indices"":null,""values"":[""0.9820192822633198"",""0.017980717736680196""]}",0,35,12,262.20000000000005,0,0
12481,13,46,1394.4300000000003,1,0,"{""type"":""1"",""size"":null,""indices"":null,""values"":[""2.3252965271636175"",""-2.3252965271636175""]}","{""type"":""1"",""size"":null,""indices"":null,""values"":[""0.9109505293792183"",""0.08904947062078172""]}",0,13,46,1394.4300000000003,1,0
16873,41,68,2157.6400000000003,0,1,"{""type"":""1"",""size"":null,""indices"":null,""values"":[""3.0597901322748813"",""-3.0597901322748813""]}","{""type"":""1"",""size"":null,""indices"":null,""values"":[""0.9552033175807726"",""0.04479668241922741""]}",0,41,68,2157.6400000000003,0,1
18102,42,18,27834.61,0,1,"{""type"":""1"",""size"":null,""indices"":null,""values"":[""4.162647647574253"",""-4.162647647574253""]}","{""type"":""1"",""size"":null,""indices"":null,""values"":[""0.9846723060540545"",""0.015327693945945464""]}",0,42,18,27834.61,0,1
18178,41,16,300.65000000000003,0,0,"{""type"":""1"",""size"":null,""indices"":null,""values"":[""4.163718867498115"",""-4.163718867498115""]}","{""type"":""1"",""size"":null,""indices"":null,""values"":[""0.9846884653234271"",""0.015311534676572869""]}",0,41,16,300.65000000000003,0,0
12647,34,47,1193.6,0,0,"{""type"":""1"",""size"":null,""indices"":null,""values"":[""3.215894463021972"",""-3.215894463021972""]}","{""type"":""1"",""size"":null,""indices"":null,""values"":[""0.9614280522308553"",""0.03857194776914474""]}",0,34,47,1193.6,0,0
17368,7,25,693.9999999999999,0,0,"{""type"":""1"",""size"":null,""indices"":null,""values"":[""2.5654766408288934"",""-2.5654766408288934""]}","{""type"":""1"",""size"":null,""indices"":null,""values"":[""0.9286063935456892"",""0.07139360645431081""]}",0,7,25,693.9999999999999,0,0
18074,50,13,489.6000000000001,0,0,"{""type"":""1"",""size"":null,""indices"":null,""values"":[""4.5998952620235025"",""-4.5998952620235025""]}","{""type"":""1"",""size"":null,""indices"":null,""values"":[""0.9900471661216143"",""0.009952833878385747""]}",0,50,13,489.6000000000001,0,0
14270,8,29,492.65000000000003,0,0,"{""type"":""1"",""size"":null,""indices"":null,""values"":[""2.5219466233964445"",""-2.5219466233964445""]}","{""type"":""1"",""size"":null,""indices"":null,""values"":[""0.9256661098403319"",""0.07433389015966807""]}",0,8,29,492.65000000000003,0,0
15204,34,9,316.58000000000004,0,0,"{""type"":""1"",""size"":null,""indices"":null,""values"":[""4.022611615685104"",""-4.022611615685104""]}","{""type"":""1"",""size"":null,""indices"":null,""values"":[""0.9824088497312772"",""0.01759115026872282""]}",0,34,9,316.58000000000004,0,0
14229,10,20,456.96999999999997,1,0,"{""type"":""1"",""size"":null,""indices"":null,""values"":[""2.7530981620210655"",""-2.7530981620210655""]}","{""type"":""1"",""size"":null,""indices"":null,""values"":[""0.9400880840931539"",""0.05991191590684608""]}",0,10,20,456.96999999999997,1,0
14150,36,12,306.18,3,0,"{""type"":""1"",""size"":null,""indices"":null,""values"":[""3.9136339585912863"",""-3.9136339585912863""]}","{""type"":""1"",""size"":null,""indices"":null,""values"":[""0.9804231008665895"",""0.01957689913341054""]}",0,36,12,306.18,3,0
17343,32,17,193.64,0,0,"{""type"":""1"",""size"":null,""indices"":null,""values"":[""3.770001270481315"",""-3.770001270481315""]}","{""type"":""1"",""size"":null,""indices"":null,""values"":[""0.9774673885257846"",""0.02253261147421537""]}",0,32,17,193.64,0,0
14448,41,18,102.35,0,0,"{""type"":""1"",""size"":null,""indices"":null,""values"":[""4.12126006998953"",""-4.12126006998953""]}","{""type"":""1"",""size"":null,""indices"":null,""values"":[""0.984034959634856"",""0.015965040365144012""]}",0,41,18,102.35,0,0
13305,49,5,136.2,0,0,"{""type"":""1"",""size"":null,""indices"":null,""values"":[""4.728342874473123"",""-4.728342874473123""]}","{""type"":""1"",""size"":null,""indices"":null,""values"":[""0.9912363704743934"",""0.008763629525606609""]}",0,49,5,136.2,0,0
15290,6,19,554.1,0,0,"{""type"":""1"",""size"":null,""indices"":null,""values"":[""2.651465455769928"",""-2.651465455769928""]}","{""type"":""1"",""size"":null,""indices"":null,""values"":[""0.9341012556570402"",""0.06589874434295984""]}",0,6,19,554.1,0,0
13021,35,7,157.35000000000002,0,0,"{""type"":""1"",""size"":null,""indices"":null,""values"":[""4.106457990778414"",""-4.106457990778414""]}","{""type"":""1"",""size"":null,""indices"":null,""values"":[""0.9838007428114938"",""0.016199257188506233""]}",0,35,7,157.35000000000002,0,0
14744,43,3,225,0,0,"{""type"":""1"",""size"":null,""indices"":null,""values"":[""4.522476206473371"",""-4.522476206473371""]}","{""type"":""1"",""size"":null,""indices"":null,""values"":[""0.9892546237286484"",""0.010745376271351637""]}",0,43,3,225,0,0
13652,45,18,308.79999999999995,0,0,"{""type"":""1"",""size"":null,""indices"":null,""values"":[""4.286810380328422"",""-4.286810380328422""]}","{""type"":""1"",""size"":null,""indices"":null,""values"":[""0.9864377547718187"",""0.01356224522818128""]}",0,45,18,308.79999999999995,0,0
15111,49,16,288.5,0,0,"{""type"":""1"",""size"":null,""indices"":null,""values"":[""4.4948194881759"",""-4.4948194881759""]}","{""type"":""1"",""size"":null,""indices"":null,""values"":[""0.9889566218939335"",""0.011043378106066482""]}",0,49,16,288.5,0,0
13564,31,78,1142.58,0,0,"{""type"":""1"",""size"":null,""indices"":null,""values"":[""2.4336203688847204"",""-2.4336203688847204""]}","{""type"":""1"",""size"":null,""indices"":null,""values"":[""0.9193553586985272"",""0.08064464130147275""]}",0,31,78,1142.58,0,0
13174,46,122,1218.0400000000006,0,0,"{""type"":""1"",""size"":null,""indices"":null,""values"":[""2.120340487466676"",""-2.120340487466676""]}","{""type"":""1"",""size"":null,""indices"":null,""values"":[""0.8928645040440352"",""0.10713549595596483""]}",0,46,122,1218.0400000000006,0,0
13033,34,11,190.54999999999998,0,0,"{""type"":""1"",""size"":null,""indices"":null,""values"":[""3.980152818176519"",""-3.980152818176519""]}","{""type"":""1"",""size"":null,""indices"":null,""values"":[""0.9816598608093785"",""0.018340139190621496""]}",0,34,11,190.54999999999998,0,0
14532,29,14,222.6,0,0,"{""type"":""1"",""size"":null,""indices"":null,""values"":[""3.7095267339900246"",""-3.7095267339900246""]}","{""type"":""1"",""size"":null,""indices"":null,""values"":[""0.9760962706731866"",""0.023903729326813394""]}",0,29,14,222.6,0,0
13468,9,60,1056.75,0,0,"{""type"":""1"",""size"":null,""indices"":null,""values"":[""1.9052228395980855"",""-1.9052228395980855""]}","{""type"":""1"",""size"":null,""indices"":null,""values"":[""0.8704815068603204"",""0.12951849313967956""]}",0,9,60,1056.75,0,0
13715,15,95,934.9499999999999,0,0,"{""type"":""1"",""size"":null,""indices"":null,""values"":[""1.4105193487061702"",""-1.4105193487061702""]}","{""type"":""1"",""size"":null,""indices"":null,""values"":[""0.8038478456361228"",""0.19615215436387723""]}",0,15,95,934.9499999999999,0,0
14735,0,28,906.4000000000002,1,0,"{""type"":""1"",""size"":null,""indices"":null,""values"":[""2.169387196139491"",""-2.169387196139491""]}","{""type"":""1"",""size"":null,""indices"":null,""values"":[""0.897466589888113"",""0.10253341011188699""]}",0,0,28,906.4000000000002,1,0
14142,50,22,311.81000000000006,0,0,"{""type"":""1"",""size"":null,""indices"":null,""values"":[""4.408830673234866"",""-4.408830673234866""]}","{""type"":""1"",""size"":null,""indices"":null,""values"":[""0.9879769137277532"",""0.012023086272246797""]}",0,50,22,311.81000000000006,0,0
12673,3,23,220.90000000000003,0,0,"{""type"":""1"",""size"":null,""indices"":null,""values"":[""2.4423851279985866"",""-2.4423851279985866""]}","{""type"":""1"",""size"":null,""indices"":null,""values"":[""0.9200028035726682"",""0.07999719642733183""]}",0,3,23,220.90000000000003,0,0
15482,35,7,548.44,0,0,"{""type"":""1"",""size"":null,""indices"":null,""values"":[""4.106457990778414"",""-4.106457990778414""]}","{""type"":""1"",""size"":null,""indices"":null,""values"":[""0.9838007428114938"",""0.016199257188506233""]}",0,35,7,548.44,0,0
17677,43,26,1616.6000000000001,0,0,"{""type"":""1"",""size"":null,""indices"":null,""values"":[""4.034200035124632"",""-4.034200035124632""]}","{""type"":""1"",""size"":null,""indices"":null,""values"":[""0.982608001779653"",""0.017391998220346983""]}",0,43,26,1616.6000000000001,0,0
16011,39,38,393.59999999999997,0,0,"{""type"":""1"",""size"":null,""indices"":null,""values"":[""3.613896939734224"",""-3.613896939734224""]}","{""type"":""1"",""size"":null,""indices"":null,""values"":[""0.973760435319345"",""0.026239564680655025""]}",0,39,38,393.59999999999997,0,0
16143,31,27,811.3499999999999,0,0,"{""type"":""1"",""size"":null,""indices"":null,""values"":[""3.516319705353662"",""-3.516319705353662""]}","{""type"":""1"",""size"":null,""indices"":null,""values"":[""0.9711485643964141"",""0.02885143560358594""]}",0,31,27,811.3499999999999,0,0
15078,31,37,818.65,0,0,"{""type"":""1"",""size"":null,""indices"":null,""values"":[""3.3040257178107324"",""-3.3040257178107324""]}","{""type"":""1"",""size"":null,""indices"":null,""values"":[""0.964566658603815"",""0.035433341396185036""]}",0,31,37,818.65,0,0
15723,41,37,189,0,0,"{""type"":""1"",""size"":null,""indices"":null,""values"":[""3.7179014936579633"",""-3.7179014936579633""]}","{""type"":""1"",""size"":null,""indices"":null,""values"":[""0.9762908962748378"",""0.023709103725162217""]}",0,41,37,189,0,0
15535,4,34,251.53999999999988,0,0,"{""type"":""1"",""size"":null,""indices"":null,""values"":[""2.2502493192860875"",""-2.2502493192860875""]}","{""type"":""1"",""size"":null,""indices"":null,""values"":[""0.9046720387004694"",""0.09532796129953058""]}",0,4,34,251.53999999999988,0,0
16567,13,26,557.5600000000001,0,0,"{""type"":""1"",""size"":null,""indices"":null,""values"":[""2.7925727075829387"",""-2.7925727075829387""]}","{""type"":""1"",""size"":null,""indices"":null,""values"":[""0.9422731451109829"",""0.057726854889017076""]}",0,13,26,557.5600000000001,0,0
15312,31,16,289.74,0,0,"{""type"":""1"",""size"":null,""indices"":null,""values"":[""3.7498430916508845"",""-3.7498430916508845""]}","{""type"":""1"",""size"":null,""indices"":null,""values"":[""0.9770191073263853"",""0.022980892673614695""]}",0,31,16,289.74,0,0
18156,46,50,186.87999999999997,0,0,"{""type"":""1"",""size"":null,""indices"":null,""values"":[""3.6488571977757704"",""-3.6488571977757704""]}","{""type"":""1"",""size"":null,""indices"":null,""values"":[""0.9746390645806188"",""0.025360935419381225""]}",0,46,50,186.87999999999997,0,0
14176,3,13,280.75,0,0,"{""type"":""1"",""size"":null,""indices"":null,""values"":[""2.6546791155415166"",""-2.6546791155415166""]}","{""type"":""1"",""size"":null,""indices"":null,""values"":[""0.9342988002634262"",""0.06570119973657385""]}",0,3,13,280.75,0,0
16551,13,11,311.07,0,0,"{""type"":""1"",""size"":null,""indices"":null,""values"":[""3.1110136888973337"",""-3.1110136888973337""]}","{""type"":""1"",""size"":null,""indices"":null,""values"":[""0.9573447697360123"",""0.042655230263987653""]}",0,13,11,311.07,0,0
15465,11,17,1258.15,0,0,"{""type"":""1"",""size"":null,""indices"":null,""values"":[""2.9008621412021296"",""-2.9008621412021296""]}","{""type"":""1"",""size"":null,""indices"":null,""values"":[""0.947889039186465"",""0.052110960813534946""]}",0,11,17,1258.15,0,0
15180,44,6,87.50000000000001,0,0,"{""type"":""1"",""size"":null,""indices"":null,""values"":[""4.500175587795215"",""-4.500175587795215""]}","{""type"":""1"",""size"":null,""indices"":null,""values"":[""0.9890149651829072"",""0.010985034817092787""]}",0,44,6,87.50000000000001,0,0
13368,14,1,35.400000000000006,0,0,"{""type"":""1"",""size"":null,""indices"":null,""values"":[""3.364695254024986"",""-3.364695254024986""]}","{""type"":""1"",""size"":null,""indices"":null,""values"":[""0.9665827685584919"",""0.0334172314415081""]}",0,14,1,35.400000000000006,0,0
17303,38,53,250.0399999999999,3,0,"{""type"":""1"",""size"":null,""indices"":null,""values"":[""3.1260037648347208"",""-3.1260037648347208""]}","{""type"":""1"",""size"":null,""indices"":null,""values"":[""0.9579527216243834"",""0.042047278375616615""]}",0,38,53,250.0399999999999,3,0
13767,10,72,3110.2399999999993,1,1,"{""type"":""1"",""size"":null,""indices"":null,""values"":[""1.6491694267978312"",""-1.6491694267978312""]}","{""type"":""1"",""size"":null,""indices"":null,""values"":[""0.8387787644839741"",""0.16122123551602585""]}",0,10,72,3110.2399999999993,1,1
13329,43,7,304.2,0,0,"{""type"":""1"",""size"":null,""indices"":null,""values"":[""4.437558611456199"",""-4.437558611456199""]}","{""type"":""1"",""size"":null,""indices"":null,""values"":[""0.9883134189862839"",""0.011686581013716113""]}",0,43,7,304.2,0,0
16186,49,20,307.68000000000006,1,0,"{""type"":""1"",""size"":null,""indices"":null,""values"":[""4.3672136878252665"",""-4.3672136878252665""]}","{""type"":""1"",""size"":null,""indices"":null,""values"":[""0.9874723919722584"",""0.012527608027741555""]}",0,49,20,307.68000000000006,1,0
13064,4,8,198.35000000000002,0,0,"{""type"":""1"",""size"":null,""indices"":null,""values"":[""2.8022136868977046"",""-2.8022136868977046""]}","{""type"":""1"",""size"":null,""indices"":null,""values"":[""0.9427953304092522"",""0.05720466959074777""]}",0,4,8,198.35000000000002,0,0
13255,50,6,225.7,0,0,"{""type"":""1"",""size"":null,""indices"":null,""values"":[""4.748501053303554"",""-4.748501053303554""]}","{""type"":""1"",""size"":null,""indices"":null,""values"":[""0.9914097582811404"",""0.008590241718859581""]}",0,50,6,225.7,0,0
17827,41,111,1270.96,0,0,"{""type"":""1"",""size"":null,""indices"":null,""values"":[""2.1469259858402836"",""-2.1469259858402836""]}","{""type"":""1"",""size"":null,""indices"":null,""values"":[""0.8953811722961045"",""0.10461882770389552""]}",0,41,111,1270.96,0,0
16221,44,12,166.74,0,0,"{""type"":""1"",""size"":null,""indices"":null,""values"":[""4.372799195269457"",""-4.372799195269457""]}","{""type"":""1"",""size"":null,""indices"":null,""values"":[""0.9875413006229461"",""0.012458699377053906""]}",0,44,12,166.74,0,0
17796,11,52,384.04999999999995,0,0,"{""type"":""1"",""size"":null,""indices"":null,""values"":[""2.1578331848018752"",""-2.1578331848018752""]}","{""type"":""1"",""size"":null,""indices"":null,""values"":[""0.8963984930090332"",""0.10360150699096682""]}",0,11,52,384.04999999999995,0,0
14496,50,5,304.34000000000003,0,0,"{""type"":""1"",""size"":null,""indices"":null,""values"":[""4.769730452057846"",""-4.769730452057846""]}","{""type"":""1"",""size"":null,""indices"":null,""values"":[""0.9915886840495857"",""0.008411315950414333""]}",0,50,5,304.34000000000003,0,0
15518,9,43,377.06,0,0,"{""type"":""1"",""size"":null,""indices"":null,""values"":[""2.266122618421066"",""-2.266122618421066""]}","{""type"":""1"",""size"":null,""indices"":null,""values"":[""0.9060321951100702"",""0.09396780488992984""]}",0,9,43,377.06,0,0
17189,36,36,220.32,0,0,"{""type"":""1"",""size"":null,""indices"":null,""values"":[""3.532193004488641"",""-3.532193004488641""]}","{""type"":""1"",""size"":null,""indices"":null,""values"":[""0.9715900081588846"",""0.028409991841115367""]}",0,36,36,220.32,0,0
13269,38,28,662.17,0,0,"{""type"":""1"",""size"":null,""indices"":null,""values"":[""3.7848033496924307"",""-3.7848033496924307""]}","{""type"":""1"",""size"":null,""indices"":null,""values"":[""0.9777911089271997"",""0.02220889107280033""]}",0,38,28,662.17,0,0
13267,8,41,933.9699999999999,0,0,"{""type"":""1"",""size"":null,""indices"":null,""values"":[""2.267193838344929"",""-2.267193838344929""]}","{""type"":""1"",""size"":null,""indices"":null,""values"":[""0.9061233568187821"",""0.09387664318121791""]}",0,8,41,933.9699999999999,0,0
17858,36,25,1541.8500000000001,0,0,"{""type"":""1"",""size"":null,""indices"":null,""values"":[""3.7657163907858635"",""-3.7657163907858635""]}","{""type"":""1"",""size"":null,""indices"":null,""values"":[""0.9773728211796986"",""0.022627178820301408""]}",0,36,25,1541.8500000000001,0,0
14037,41,26,111.80000000000001,0,0,"{""type"":""1"",""size"":null,""indices"":null,""values"":[""3.951424879955186"",""-3.951424879955186""]}","{""type"":""1"",""size"":null,""indices"":null,""values"":[""0.9811354288253386"",""0.01886457117466145""]}",0,41,26,111.80000000000001,0,0
13496,36,26,501.01000000000005,0,0,"{""type"":""1"",""size"":null,""indices"":null,""values"":[""3.7444869920315704"",""-3.7444869920315704""]}","{""type"":""1"",""size"":null,""indices"":null,""values"":[""0.9768985402909207"",""0.023101459709079286""]}",0,36,26,501.01000000000005,0,0
13599,14,26,721.9800000000002,0,0,"{""type"":""1"",""size"":null,""indices"":null,""values"":[""2.833960285167662"",""-2.833960285167662""]}","{""type"":""1"",""size"":null,""indices"":null,""values"":[""0.9444836227910502"",""0.05551637720894975""]}",0,14,26,721.9800000000002,0,0
14040,8,24,289.70000000000005,0,0,"{""type"":""1"",""size"":null,""indices"":null,""values"":[""2.6280936171679095"",""-2.6280936171679095""]}","{""type"":""1"",""size"":null,""indices"":null,""values"":[""0.9326478971795434"",""0.06735210282045656""]}",0,8,24,289.70000000000005,0,0
15503,39,66,141.04,2,0,"{""type"":""1"",""size"":null,""indices"":null,""values"":[""2.934097363947097"",""-2.934097363947097""]}","{""type"":""1"",""size"":null,""indices"":null,""values"":[""0.9495064809727735"",""0.05049351902722654""]}",0,39,66,141.04,2,0
15606,1,10,305.6,0,0,"{""type"":""1"",""size"":null,""indices"":null,""values"":[""2.6355921566349494"",""-2.6355921566349494""]}","{""type"":""1"",""size"":null,""indices"":null,""values"":[""0.93311739854391"",""0.06688260145609004""]}",0,1,10,305.6,0,0
17870,43,1,326.4,0,0,"{""type"":""1"",""size"":null,""indices"":null,""values"":[""4.564935003981956"",""-4.564935003981956""]}","{""type"":""1"",""size"":null,""indices"":null,""values"":[""0.9896967071757297"",""0.010303292824270338""]}",0,43,1,326.4,0,0
15532,35,48,345.8500000000001,3,0,"{""type"":""1"",""size"":null,""indices"":null,""values"":[""3.1079880258520163"",""-3.1079880258520163""]}","{""type"":""1"",""size"":null,""indices"":null,""values"":[""0.9572210433666329"",""0.04277895663336706""]}",0,35,48,345.8500000000001,3,0
16931,34,80,361.71,0,0,"{""type"":""1"",""size"":null,""indices"":null,""values"":[""2.5153243041303037"",""-2.5153243041303037""]}","{""type"":""1"",""size"":null,""indices"":null,""values"":[""0.9252091524470281"",""0.07479084755297194""]}",0,34,80,361.71,0,0
15694,7,23,1245.1199999999997,0,0,"{""type"":""1"",""size"":null,""indices"":null,""values"":[""2.607935438337479"",""-2.607935438337479""]}","{""type"":""1"",""size"":null,""indices"":null,""values"":[""0.9313705480988785"",""0.06862945190112146""]}",0,7,23,1245.1199999999997,0,0
12621,34,32,1383.65,1,0,"{""type"":""1"",""size"":null,""indices"":null,""values"":[""3.4916472390029045"",""-3.4916472390029045""]}","{""type"":""1"",""size"":null,""indices"":null,""values"":[""0.9704491712696703"",""0.02955082873032966""]}",0,34,32,1383.65,1,0
15983,37,77,1095.8000000000002,0,0,"{""type"":""1"",""size"":null,""indices"":null,""values"":[""2.703175233147352"",""-2.703175233147352""]}","{""type"":""1"",""size"":null,""indices"":null,""values"":[""0.9372137473941791"",""0.06278625260582094""]}",0,37,77,1095.8000000000002,0,0
17091,1,50,888.15,0,0,"{""type"":""1"",""size"":null,""indices"":null,""values"":[""1.7864162064632303"",""-1.7864162064632303""]}","{""type"":""1"",""size"":null,""indices"":null,""values"":[""0.8564873306827708"",""0.14351266931722917""]}",0,1,50,888.15,0,0
16997,2,4,390,0,0,"{""type"":""1"",""size"":null,""indices"":null,""values"":[""2.80435612674543"",""-2.80435612674543""]}","{""type"":""1"",""size"":null,""indices"":null,""values"":[""0.9429107675528992"",""0.057089232447100846""]}",0,2,4,390,0,0
18179,3,35,622.9000000000001,0,0,"{""type"":""1"",""size"":null,""indices"":null,""values"":[""2.1876323429470714"",""-2.1876323429470714""]}","{""type"":""1"",""size"":null,""indices"":null,""values"":[""0.8991333804225964"",""0.10086661957740362""]}",0,3,35,622.9000000000001,0,0
17863,46,21,384.72,0,0,"{""type"":""1"",""size"":null,""indices"":null,""values"":[""4.264509761650267"",""-4.264509761650267""]}","{""type"":""1"",""size"":null,""indices"":null,""values"":[""0.9861361509075559"",""0.013863849092444092""]}",0,46,21,384.72,0,0
15973,43,4,307.82,0,0,"{""type"":""1"",""size"":null,""indices"":null,""values"":[""4.5012468077190775"",""-4.5012468077190775""]}","{""type"":""1"",""size"":null,""indices"":null,""values"":[""0.9890265972114349"",""0.010973402788565068""]}",0,43,4,307.82,0,0
15727,8,95,2023.25,0,1,"{""type"":""1"",""size"":null,""indices"":null,""values"":[""1.1208063056131086"",""-1.1208063056131086""]}","{""type"":""1"",""size"":null,""indices"":null,""values"":[""0.7541382472300786"",""0.2458617527699214""]}",0,8,95,2023.25,0,1
12872,3,66,599.9699999999998,0,0,"{""type"":""1"",""size"":null,""indices"":null,""values"":[""1.529520981563989"",""-1.529520981563989""]}","{""type"":""1"",""size"":null,""indices"":null,""values"":[""0.8219362172892504"",""0.17806378271074963""]}",0,3,66,599.9699999999998,0,0
17262,43,2,268.86,0,0,"{""type"":""1"",""size"":null,""indices"":null,""values"":[""4.543705605227664"",""-4.543705605227664""]}","{""type"":""1"",""size"":null,""indices"":null,""values"":[""0.9894779622818382"",""0.010522037718161847""]}",0,43,2,268.86,0,0
16985,35,18,933.32,1,0,"{""type"":""1"",""size"":null,""indices"":null,""values"":[""3.830246399147729"",""-3.830246399147729""]}","{""type"":""1"",""size"":null,""indices"":null,""values"":[""0.9787568010061016"",""0.02124319899389837""]}",0,35,18,933.32,1,0
16928,50,6,116.25,0,0,"{""type"":""1"",""size"":null,""indices"":null,""values"":[""4.748501053303554"",""-4.748501053303554""]}","{""type"":""1"",""size"":null,""indices"":null,""values"":[""0.9914097582811404"",""0.008590241718859581""]}",0,50,6,116.25,0,0
13065,50,14,205.86,0,0,"{""type"":""1"",""size"":null,""indices"":null,""values"":[""4.57866586326921"",""-4.57866586326921""]}","{""type"":""1"",""size"":null,""indices"":null,""values"":[""0.9898357852611814"",""0.010164214738818567""]}",0,50,14,205.86,0,0
17227,45,10,142.25,1,0,"{""type"":""1"",""size"":null,""indices"":null,""values"":[""4.4139573650293045"",""-4.4139573650293045""]}","{""type"":""1"",""size"":null,""indices"":null,""values"":[""0.9880376591981588"",""0.01196234080184122""]}",0,45,10,142.25,1,0
15640,9,108,3237.44,0,1,"{""type"":""1"",""size"":null,""indices"":null,""values"":[""0.8862116993920228"",""-0.8862116993920228""]}","{""type"":""1"",""size"":null,""indices"":null,""values"":[""0.7081077821056608"",""0.29189221789433917""]}",0,9,108,3237.44,0,1
12433,43,147,3787.119999999999,0,1,"{""type"":""1"",""size"":null,""indices"":null,""values"":[""1.4654427858551826"",""-1.4654427858551826""]}","{""type"":""1"",""size"":null,""indices"":null,""values"":[""0.8123637235084148"",""0.1876362764915852""]}",0,43,147,3787.119999999999,0,1
13859,3,27,188.56,0,0,"{""type"":""1"",""size"":null,""indices"":null,""values"":[""2.357467532981415"",""-2.357467532981415""]}","{""type"":""1"",""size"":null,""indices"":null,""values"":[""0.9135259594219425"",""0.08647404057805752""]}",0,3,27,188.56,0,0
13077,43,14,313.72,0,0,"{""type"":""1"",""size"":null,""indices"":null,""values"":[""4.2889528201761475"",""-4.2889528201761475""]}","{""type"":""1"",""size"":null,""indices"":null,""values"":[""0.9864663871472551"",""0.013533612852744903""]}",0,43,14,313.72,0,0
16033,3,139,1044.3400000000006,0,0,"{""type"":""1"",""size"":null,""indices"":null,""values"":[""-0.020225127499397644"",""0.020225127499397644""]}","{""type"":""1"",""size"":null,""indices"":null,""values"":[""0.49494389047654525"",""0.5050561095234547""]}",1,3,139,1044.3400000000006,0,0
16235,9,7,108.67000000000002,0,0,"{""type"":""1"",""size"":null,""indices"":null,""values"":[""3.030380973575613"",""-3.030380973575613""]}","{""type"":""1"",""size"":null,""indices"":null,""values"":[""0.9539279194353719"",""0.04607208056462808""]}",0,9,7,108.67000000000002,0,0
14849,35,28,566.8899999999999,0,0,"{""type"":""1"",""size"":null,""indices"":null,""values"":[""3.6606406169382613"",""-3.6606406169382613""]}","{""type"":""1"",""size"":null,""indices"":null,""values"":[""0.9749287010376396"",""0.025071298962360378""]}",0,35,28,566.8899999999999,0,0
16510,49,13,248.1,0,0,"{""type"":""1"",""size"":null,""indices"":null,""values"":[""4.558507684438779"",""-4.558507684438779""]}","{""type"":""1"",""size"":null,""indices"":null,""values"":[""0.9896309602227096"",""0.010369039777290423""]}",0,49,13,248.1,0,0
14732,16,10,203.10000000000002,0,0,"{""type"":""1"",""size"":null,""indices"":null,""values"":[""3.2564058204057957"",""-3.2564058204057957""]}","{""type"":""1"",""size"":null,""indices"":null,""values"":[""0.9629026157988233"",""0.0370973842011767""]}",0,16,10,203.10000000000002,0,0
18055,35,82,1751.1200000000003,0,0,"{""type"":""1"",""size"":null,""indices"":null,""values"":[""2.514253084206441"",""-2.514253084206441""]}","{""type"":""1"",""size"":null,""indices"":null,""values"":[""0.9251349932808448"",""0.07486500671915519""]}",0,35,82,1751.1200000000003,0,0
14673,44,15,373.49,0,0,"{""type"":""1"",""size"":null,""indices"":null,""values"":[""4.3091109990065775"",""-4.3091109990065775""]}","{""type"":""1"",""size"":null,""indices"":null,""values"":[""0.9867328856081342"",""0.013267114391865786""]}",0,44,15,373.49,0,0
13656,14,31,162.70000000000005,0,0,"{""type"":""1"",""size"":null,""indices"":null,""values"":[""2.727813291396197"",""-2.727813291396197""]}","{""type"":""1"",""size"":null,""indices"":null,""values"":[""0.9386480299347938"",""0.06135197006520621""]}",0,14,31,162.70000000000005,0,0
15023,2,95,953.7,0,0,"{""type"":""1"",""size"":null,""indices"":null,""values"":[""0.8724808401047699"",""-0.8724808401047699""]}","{""type"":""1"",""size"":null,""indices"":null,""values"":[""0.7052616468839259"",""0.2947383531160741""]}",0,2,95,953.7,0,0
14146,34,35,1241.4299999999998,0,0,"{""type"":""1"",""size"":null,""indices"":null,""values"":[""3.4706472480734876"",""-3.4706472480734876""]}","{""type"":""1"",""size"":null,""indices"":null,""values"":[""0.9698409559394736"",""0.030159044060526385""]}",0,34,35,1241.4299999999998,0,0
13627,34,20,311.19,0,0,"{""type"":""1"",""size"":null,""indices"":null,""values"":[""3.789088229387882"",""-3.789088229387882""]}","{""type"":""1"",""size"":null,""indices"":null,""values"":[""0.9778839676520076"",""0.02211603234799242""]}",0,34,20,311.19,0,0
16525,8,20,1109.49,0,0,"{""type"":""1"",""size"":null,""indices"":null,""values"":[""2.7130112121850813"",""-2.7130112121850813""]}","{""type"":""1"",""size"":null,""indices"":null,""values"":[""0.9377900541025376"",""0.062209945897462426""]}",0,8,20,1109.49,0,0
12583,13,42,1586.0199999999998,2,0,"{""type"":""1"",""size"":null,""indices"":null,""values"":[""2.3675259168473275"",""-2.3675259168473275""]}","{""type"":""1"",""size"":null,""indices"":null,""values"":[""0.9143172364280449"",""0.08568276357195515""]}",0,13,42,1586.0199999999998,2,0
16255,16,60,673.8500000000003,1,0,"{""type"":""1"",""size"":null,""indices"":null,""values"":[""2.1522476773576855"",""-2.1522476773576855""]}","{""type"":""1"",""size"":null,""indices"":null,""values"":[""0.8958786271159456"",""0.10412137288405443""]}",0,16,60,673.8500000000003,1,0
15713,43,9,171.15,0,0,"{""type"":""1"",""size"":null,""indices"":null,""values"":[""4.3950998139476125"",""-4.3950998139476125""]}","{""type"":""1"",""size"":null,""indices"":null,""values"":[""0.9878127136640327"",""0.012187286335967329""]}",0,43,9,171.15,0,0
17690,3,75,1570.6500000000003,1,0,"{""type"":""1"",""size"":null,""indices"":null,""values"":[""1.2957681874418905"",""-1.2957681874418905""]}","{""type"":""1"",""size"":null,""indices"":null,""values"":[""0.7851219144550887"",""0.21487808554491128""]}",0,3,75,1570.6500000000003,1,0
17419,1,37,704.47,0,0,"{""type"":""1"",""size"":null,""indices"":null,""values"":[""2.0623983902690393"",""-2.0623983902690393""]}","{""type"":""1"",""size"":null,""indices"":null,""values"":[""0.8871944249668117"",""0.11280557503318833""]}",0,1,37,704.47,0,0
17135,48,9,215.58,0,0,"{""type"":""1"",""size"":null,""indices"":null,""values"":[""4.602037701871228"",""-4.602037701871228""]}","{""type"":""1"",""size"":null,""indices"":null,""values"":[""0.9900682550924688"",""0.009931744907531237""]}",0,48,9,215.58,0,0
15271,14,40,364.84999999999985,0,0,"{""type"":""1"",""size"":null,""indices"":null,""values"":[""2.5367487026075604"",""-2.5367487026075604""]}","{""type"":""1"",""size"":null,""indices"":null,""values"":[""0.9266782211456275"",""0.07332177885437252""]}",0,14,40,364.84999999999985,0,0
14608,39,1,204,0,0,"{""type"":""1"",""size"":null,""indices"":null,""values"":[""4.399384693643064"",""-4.399384693643064""]}","{""type"":""1"",""size"":null,""indices"":null,""values"":[""0.9878641906099964"",""0.012135809390003582""]}",0,39,1,204,0,0
14299,7,15,1226.34,0,0,"{""type"":""1"",""size"":null,""indices"":null,""values"":[""2.777770628371823"",""-2.777770628371823""]}","{""type"":""1"",""size"":null,""indices"":null,""values"":[""0.9414627031182394"",""0.05853729688176057""]}",0,7,15,1226.34,0,0
12808,45,7,129.4,0,0,"{""type"":""1"",""size"":null,""indices"":null,""values"":[""4.520333766625645"",""-4.520333766625645""]}","{""type"":""1"",""size"":null,""indices"":null,""values"":[""0.9892318258911752"",""0.010768174108824802""]}",0,45,7,129.4,0,0
12567,44,83,1942.3800000000003,0,0,"{""type"":""1"",""size"":null,""indices"":null,""values"":[""2.865511883714656"",""-2.865511883714656""]}","{""type"":""1"",""size"":null,""indices"":null,""values"":[""0.9461149950863049"",""0.05388500491369508""]}",0,44,83,1942.3800000000003,0,0
13385,6,35,534.5699999999999,1,0,"{""type"":""1"",""size"":null,""indices"":null,""values"":[""2.2691068703677786"",""-2.2691068703677786""]}","{""type"":""1"",""size"":null,""indices"":null,""values"":[""0.9062859602480213"",""0.09371403975197867""]}",0,6,35,534.5699999999999,1,0
16520,42,60,325.7599999999999,0,0,"{""type"":""1"",""size"":null,""indices"":null,""values"":[""3.271012899893948"",""-3.271012899893948""]}","{""type"":""1"",""size"":null,""indices"":null,""values"":[""0.9634208841762011"",""0.03657911582379891""]}",0,42,60,325.7599999999999,0,0
17236,39,9,126.27999999999999,0,0,"{""type"":""1"",""size"":null,""indices"":null,""values"":[""4.22954950360872"",""-4.22954950360872""]}","{""type"":""1"",""size"":null,""indices"":null,""values"":[""0.985649973462891"",""0.01435002653710904""]}",0,39,9,126.27999999999999,0,0
15211,42,23,383.0700000000001,3,0,"{""type"":""1"",""size"":null,""indices"":null,""values"":[""3.9284360378024026"",""-3.9284360378024026""]}","{""type"":""1"",""size"":null,""indices"":null,""values"":[""0.9807051955085401"",""0.019294804491459927""]}",0,42,23,383.0700000000001,3,0
16719,15,60,583.1800000000001,0,0,"{""type"":""1"",""size"":null,""indices"":null,""values"":[""2.1535483051064244"",""-2.1535483051064244""]}","{""type"":""1"",""size"":null,""indices"":null,""values"":[""0.8959998873659168"",""0.10400011263408315""]}",0,15,60,583.1800000000001,0,0
12423,30,16,237.93,0,0,"{""type"":""1"",""size"":null,""indices"":null,""values"":[""3.7084555140661615"",""-3.7084555140661615""]}","{""type"":""1"",""size"":null,""indices"":null,""values"":[""0.9760712638534002"",""0.02392873614659985""]}",0,30,16,237.93,0,0
18229,6,17,1013.1,0,0,"{""type"":""1"",""size"":null,""indices"":null,""values"":[""2.693924253278514"",""-2.693924253278514""]}","{""type"":""1"",""size"":null,""indices"":null,""values"":[""0.9366671746475533"",""0.06333282535244666""]}",0,6,17,1013.1,0,0
12868,8,34,490.7600000000001,0,0,"{""type"":""1"",""size"":null,""indices"":null,""values"":[""2.4157996296249795"",""-2.4157996296249795""]}","{""type"":""1"",""size"":null,""indices"":null,""values"":[""0.9180241969485411"",""0.0819758030514589""]}",0,8,34,490.7600000000001,0,0
16833,11,18,309.4800000000001,0,0,"{""type"":""1"",""size"":null,""indices"":null,""values"":[""2.8796327424478365"",""-2.8796327424478365""]}","{""type"":""1"",""size"":null,""indices"":null,""values"":[""0.9468303779307251"",""0.05316962206927489""]}",0,11,18,309.4800000000001,0,0
14748,45,32,470.4199999999999,0,0,"{""type"":""1"",""size"":null,""indices"":null,""values"":[""3.9895987977683207"",""-3.9895987977683207""]}","{""type"":""1"",""size"":null,""indices"":null,""values"":[""0.9818291526393782"",""0.0181708473606218""]}",0,45,32,470.4199999999999,0,0
15916,7,46,575.0600000000001,0,0,"{""type"":""1"",""size"":null,""indices"":null,""values"":[""2.119659266988741"",""-2.119659266988741""]}","{""type"":""1"",""size"":null,""indices"":null,""values"":[""0.892799322767024"",""0.107200677232976""]}",0,7,46,575.0600000000001,0,0
14543,41,5,254.4,0,0,"{""type"":""1"",""size"":null,""indices"":null,""values"":[""4.397242253795339"",""-4.397242253795339""]}","{""type"":""1"",""size"":null,""indices"":null,""values"":[""0.9878384790379449"",""0.012161520962055139""]}",0,41,5,254.4,0,0
13263,2,39,141.65999999999997,0,0,"{""type"":""1"",""size"":null,""indices"":null,""values"":[""2.061327170345176"",""-2.061327170345176""]}","{""type"":""1"",""size"":null,""indices"":null,""values"":[""0.8870871722905878"",""0.11291282770941224""]}",0,2,39,141.65999999999997,0,0
15447,7,9,155.17000000000002,0,0,"{""type"":""1"",""size"":null,""indices"":null,""values"":[""2.905147020897581"",""-2.905147020897581""]}","{""type"":""1"",""size"":null,""indices"":null,""values"":[""0.9481002868304581"",""0.051899713169541895""]}",0,7,9,155.17000000000002,0,0
15079,42,4,141.95000000000002,0,0,"{""type"":""1"",""size"":null,""indices"":null,""values"":[""4.459859230134354"",""-4.459859230134354""]}","{""type"":""1"",""size"":null,""indices"":null,""values"":[""0.9885682061274872"",""0.011431793872512808""]}",0,42,4,141.95000000000002,0,0
13520,1,31,988.5199999999998,0,0,"{""type"":""1"",""size"":null,""indices"":null,""values"":[""2.189774782794797"",""-2.189774782794797""]}","{""type"":""1"",""size"":null,""indices"":null,""values"":[""0.8993275176593603"",""0.10067248234063975""]}",0,1,31,988.5199999999998,0,0
14766,43,6,180.4,0,0,"{""type"":""1"",""size"":null,""indices"":null,""values"":[""4.458788010210491"",""-4.458788010210491""]}","{""type"":""1"",""size"":null,""indices"":null,""values"":[""0.9885560938174885"",""0.011443906182511454""]}",0,43,6,180.4,0,0
17572,50,4,70.80000000000001,0,0,"{""type"":""1"",""size"":null,""indices"":null,""values"":[""4.79095985081214"",""-4.79095985081214""]}","{""type"":""1"",""size"":null,""indices"":null,""values"":[""0.9917639139415468"",""0.008236086058453163""]}",0,50,4,70.80000000000001,0,0
15510,7,1,250,0,0,"{""type"":""1"",""size"":null,""indices"":null,""values"":[""3.0749822109319247"",""-3.0749822109319247""]}","{""type"":""1"",""size"":null,""indices"":null,""values"":[""0.9558489087175207"",""0.04415109128247929""]}",0,7,1,250,0,0
13313,16,17,307.29999999999995,0,0,"{""type"":""1"",""size"":null,""indices"":null,""values"":[""3.107800029125745"",""-3.107800029125745""]}","{""type"":""1"",""size"":null,""indices"":null,""values"":[""0.9572133444424517"",""0.04278665555754835""]}",0,16,17,307.29999999999995,0,0
17365,9,75,698.1100000000002,0,0,"{""type"":""1"",""size"":null,""indices"":null,""values"":[""1.586781858283691"",""-1.586781858283691""]}","{""type"":""1"",""size"":null,""indices"":null,""values"":[""0.8301628512230156"",""0.16983714877698441""]}",0,9,75,698.1100000000002,0,0
17069,31,26,583.2,0,0,"{""type"":""1"",""size"":null,""indices"":null,""values"":[""3.537549104107955"",""-3.537549104107955""]}","{""type"":""1"",""size"":null,""indices"":null,""values"":[""0.9717374790026857"",""0.0282625209973143""]}",0,31,26,583.2,0,0
18260,11,37,787.7700000000003,0,0,"{""type"":""1"",""size"":null,""indices"":null,""values"":[""2.47627416611627"",""-2.47627416611627""]}","{""type"":""1"",""size"":null,""indices"":null,""values"":[""0.9224617226389353"",""0.07753827736106467""]}",0,11,37,787.7700000000003,0,0
13922,28,7,172.25,0,0,"{""type"":""1"",""size"":null,""indices"":null,""values"":[""3.816744947685352"",""-3.816744947685352""]}","{""type"":""1"",""size"":null,""indices"":null,""values"":[""0.978474257790921"",""0.02152574220907899""]}",0,28,7,172.25,0,0
15649,13,2,816,0,0,"{""type"":""1"",""size"":null,""indices"":null,""values"":[""3.30207827768597"",""-3.30207827768597""]}","{""type"":""1"",""size"":null,""indices"":null,""values"":[""0.964500039095664"",""0.03549996090433605""]}",0,13,2,816,0,0
12386,14,10,401.9,0,0,"{""type"":""1"",""size"":null,""indices"":null,""values"":[""3.1736306652363497"",""-3.1736306652363497""]}","{""type"":""1"",""size"":null,""indices"":null,""values"":[""0.9598298044478025"",""0.040170195552197474""]}",0,14,10,401.9,0,0
17975,16,58,1053.3700000000001,0,0,"{""type"":""1"",""size"":null,""indices"":null,""values"":[""2.237394680199733"",""-2.237394680199733""]}","{""type"":""1"",""size"":null,""indices"":null,""values"":[""0.9035576661460397"",""0.09644233385396028""]}",0,16,58,1053.3700000000001,0,0
13000,41,11,201.75000000000003,0,0,"{""type"":""1"",""size"":null,""indices"":null,""values"":[""4.26986586126958"",""-4.26986586126958""]}","{""type"":""1"",""size"":null,""indices"":null,""values"":[""0.986209187242101"",""0.013790812757898951""]}",0,41,11,201.75000000000003,0,0
17732,49,18,303.96999999999997,0,0,"{""type"":""1"",""size"":null,""indices"":null,""values"":[""4.452360690667314"",""-4.452360690667314""]}","{""type"":""1"",""size"":null,""indices"":null,""values"":[""0.9884831531261972"",""0.011516846873802833""]}",0,49,18,303.96999999999997,0,0
18226,14,21,417.29999999999995,0,0,"{""type"":""1"",""size"":null,""indices"":null,""values"":[""2.940107278939127"",""-2.940107278939127""]}","{""type"":""1"",""size"":null,""indices"":null,""values"":[""0.9497938427063393"",""0.050206157293660736""]}",0,14,21,417.29999999999995,0,0
14770,0,17,278.6,0,0,"{""type"":""1"",""size"":null,""indices"":null,""values"":[""2.4455987877701753"",""-2.4455987877701753""]}","{""type"":""1"",""size"":null,""indices"":null,""values"":[""0.9202390023519945"",""0.07976099764800548""]}",0,0,17,278.6,0,0
16701,8,20,842.88,0,0,"{""type"":""1"",""size"":null,""indices"":null,""values"":[""2.7130112121850813"",""-2.7130112121850813""]}","{""type"":""1"",""size"":null,""indices"":null,""values"":[""0.9377900541025376"",""0.062209945897462426""]}",0,8,20,842.88,0,0
17198,42,76,516.7099999999999,2,0,"{""type"":""1"",""size"":null,""indices"":null,""values"":[""2.845966109158337"",""-2.845966109158337""]}","{""type"":""1"",""size"":null,""indices"":null,""values"":[""0.9451097908770756"",""0.054890209122924416""]}",0,42,76,516.7099999999999,2,0
13941,49,11,1095.1200000000001,0,0,"{""type"":""1"",""size"":null,""indices"":null,""values"":[""4.600966481947365"",""-4.600966481947365""]}","{""type"":""1"",""size"":null,""indices"":null,""values"":[""0.9900577161424698"",""0.009942283857530154""]}",0,49,11,1095.1200000000001,0,0
16654,45,9,227.39999999999998,0,0,"{""type"":""1"",""size"":null,""indices"":null,""values"":[""4.4778749691170585"",""-4.4778749691170585""]}","{""type"":""1"",""size"":null,""indices"":null,""values"":[""0.9887700221125931"",""0.011229977887406872""]}",0,45,9,227.39999999999998,0,0
13565,11,13,110.17999999999999,0,0,"{""type"":""1"",""size"":null,""indices"":null,""values"":[""2.9857797362193015"",""-2.9857797362193015""]}","{""type"":""1"",""size"":null,""indices"":null,""values"":[""0.9519275525265588"",""0.04807244747344119""]}",0,11,13,110.17999999999999,0,0
14729,50,69,307.6399999999999,3,0,"{""type"":""1"",""size"":null,""indices"":null,""values"":[""3.2829843157827105"",""-3.2829843157827105""]}","{""type"":""1"",""size"":null,""indices"":null,""values"":[""0.9638404372415454"",""0.036159562758454555""]}",0,50,69,307.6399999999999,3,0
13576,14,27,972.8299999999999,0,0,"{""type"":""1"",""size"":null,""indices"":null,""values"":[""2.812730886413369"",""-2.812730886413369""]}","{""type"":""1"",""size"":null,""indices"":null,""values"":[""0.9433599126749884"",""0.05664008732501158""]}",0,14,27,972.8299999999999,0,0
12738,49,11,155.34999999999997,0,0,"{""type"":""1"",""size"":null,""indices"":null,""values"":[""4.600966481947365"",""-4.600966481947365""]}","{""type"":""1"",""size"":null,""indices"":null,""values"":[""0.9900577161424698"",""0.009942283857530154""]}",0,49,11,155.34999999999997,0,0
18032,11,5,73.5,0,0,"{""type"":""1"",""size"":null,""indices"":null,""values"":[""3.1556149262536453"",""-3.1556149262536453""]}","{""type"":""1"",""size"":null,""indices"":null,""values"":[""0.9591293963314492"",""0.040870603668550776""]}",0,11,5,73.5,0,0
16037,35,15,300.46,1,0,"{""type"":""1"",""size"":null,""indices"":null,""values"":[""3.893934595410608"",""-3.893934595410608""]}","{""type"":""1"",""size"":null,""indices"":null,""values"":[""0.9800413981981706"",""0.0199586018018294""]}",0,35,15,300.46,1,0
17771,0,22,115.80000000000003,0,0,"{""type"":""1"",""size"":null,""indices"":null,""values"":[""2.3394517939987107"",""-2.3394517939987107""]}","{""type"":""1"",""size"":null,""indices"":null,""values"":[""0.9120921399049484"",""0.08790786009505158""]}",0,0,22,115.80000000000003,0,0
16955,13,15,354.97999999999996,0,0,"{""type"":""1"",""size"":null,""indices"":null,""values"":[""3.0260960938801618"",""-3.0260960938801618""]}","{""type"":""1"",""size"":null,""indices"":null,""values"":[""0.9537392346471066"",""0.04626076535289336""]}",0,13,15,354.97999999999996,0,0
17961,3,78,575.35,1,0,"{""type"":""1"",""size"":null,""indices"":null,""values"":[""1.2320799911790115"",""-1.2320799911790115""]}","{""type"":""1"",""size"":null,""indices"":null,""values"":[""0.7741824140208684"",""0.2258175859791316""]}",0,3,78,575.35,1,0
13008,0,14,229.46999999999997,0,0,"{""type"":""1"",""size"":null,""indices"":null,""values"":[""2.5092869840330545"",""-2.5092869840330545""]}","{""type"":""1"",""size"":null,""indices"":null,""values"":[""0.9247903130011169"",""0.07520968699888309""]}",0,0,14,229.46999999999997,0,0
17873,50,7,194.74999999999997,0,0,"{""type"":""1"",""size"":null,""indices"":null,""values"":[""4.727271654549261"",""-4.727271654549261""]}","{""type"":""1"",""size"":null,""indices"":null,""values"":[""0.9912270600723686"",""0.008772939927631396""]}",0,50,7,194.74999999999997,0,0
16735,11,33,567.36,0,0,"{""type"":""1"",""size"":null,""indices"":null,""values"":[""2.561191761133442"",""-2.561191761133442""]}","{""type"":""1"",""size"":null,""indices"":null,""values"":[""0.9283217985334459"",""0.07167820146655413""]}",0,11,33,567.36,0,0
13280,14,32,279.65,0,0,"{""type"":""1"",""size"":null,""indices"":null,""values"":[""2.706583892641904"",""-2.706583892641904""]}","{""type"":""1"",""size"":null,""indices"":null,""values"":[""0.9374140283523901"",""0.06258597164760993""]}",0,14,32,279.65,0,0
15392,37,19,338.97999999999996,1,0,"{""type"":""1"",""size"":null,""indices"":null,""values"":[""3.8917921555628823"",""-3.8917921555628823""]}","{""type"":""1"",""size"":null,""indices"":null,""values"":[""0.9799994483986131"",""0.020000551601386918""]}",0,37,19,338.97999999999996,1,0
15208,30,3,65.4,0,0,"{""type"":""1"",""size"":null,""indices"":null,""values"":[""3.98443769787197"",""-3.98443769787197""]}","{""type"":""1"",""size"":null,""indices"":null,""values"":[""0.9817368458305754"",""0.01826315416942459""]}",0,30,3,65.4,0,0
13593,13,39,559.8499999999999,0,0,"{""type"":""1"",""size"":null,""indices"":null,""values"":[""2.5165905237771304"",""-2.5165905237771304""]}","{""type"":""1"",""size"":null,""indices"":null,""values"":[""0.9252967241106386"",""0.07470327588936143""]}",0,13,39,559.8499999999999,0,0
17097,1,63,287.6400000000001,5,0,"{""type"":""1"",""size"":null,""indices"":null,""values"":[""1.2969929959901125"",""-1.2969929959901125""]}","{""type"":""1"",""size"":null,""indices"":null,""values"":[""0.7853284742255705"",""0.2146715257744295""]}",0,1,63,287.6400000000001,5,0
14618,14,5,211.8,0,0,"{""type"":""1"",""size"":null,""indices"":null,""values"":[""3.2797776590078147"",""-3.2797776590078147""]}","{""type"":""1"",""size"":null,""indices"":null,""values"":[""0.9637285123045285"",""0.036271487695471505""]}",0,14,5,211.8,0,0
14867,13,15,300.74,0,0,"{""type"":""1"",""size"":null,""indices"":null,""values"":[""3.0260960938801618"",""-3.0260960938801618""]}","{""type"":""1"",""size"":null,""indices"":null,""values"":[""0.9537392346471066"",""0.04626076535289336""]}",0,13,15,300.74,0,0
15159,6,59,2133.6200000000003,0,1,"{""type"":""1"",""size"":null,""indices"":null,""values"":[""1.8022895055982093"",""-1.8022895055982093""]}","{""type"":""1"",""size"":null,""indices"":null,""values"":[""0.8584274066417172"",""0.14157259335828276""]}",0,6,59,2133.6200000000003,0,1
17802,49,12,100.20000000000002,0,0,"{""type"":""1"",""size"":null,""indices"":null,""values"":[""4.579737083193072"",""-4.579737083193072""]}","{""type"":""1"",""size"":null,""indices"":null,""values"":[""0.9898465570482166"",""0.010153442951783442""]}",0,49,12,100.20000000000002,0,0
16493,6,6,127.80000000000001,0,0,"{""type"":""1"",""size"":null,""indices"":null,""values"":[""2.9274476395757367"",""-2.9274476395757367""]}","{""type"":""1"",""size"":null,""indices"":null,""values"":[""0.9491867124558901"",""0.05081328754410985""]}",0,6,6,127.80000000000001,0,0
12753,39,48,3590.5900000000006,4,1,"{""type"":""1"",""size"":null,""indices"":null,""values"":[""3.230850130857447"",""-3.230850130857447""]}","{""type"":""1"",""size"":null,""indices"":null,""values"":[""0.9619788591337"",""0.03802114086630004""]}",0,39,48,3590.5900000000006,4,1
17848,7,10,169.56000000000003,0,0,"{""type"":""1"",""size"":null,""indices"":null,""values"":[""2.883917622143288"",""-2.883917622143288""]}","{""type"":""1"",""size"":null,""indices"":null,""values"":[""0.9470456774275885"",""0.052954322572411505""]}",0,7,10,169.56000000000003,0,0
17228,44,30,355.95,0,0,"{""type"":""1"",""size"":null,""indices"":null,""values"":[""3.9906700176921834"",""-3.9906700176921834""]}","{""type"":""1"",""size"":null,""indices"":null,""values"":[""0.9818482540571102"",""0.01815174594288982""]}",0,44,30,355.95,0,0
17609,4,89,402.14999999999986,0,0,"{""type"":""1"",""size"":null,""indices"":null,""values"":[""1.0826323877999737"",""-1.0826323877999737""]}","{""type"":""1"",""size"":null,""indices"":null,""values"":[""0.7469918149758156"",""0.25300818502418443""]}",0,4,89,402.14999999999986,0,0
17018,2,6,405,0,0,"{""type"":""1"",""size"":null,""indices"":null,""values"":[""2.7618973292368443"",""-2.7618973292368443""]}","{""type"":""1"",""size"":null,""indices"":null,""values"":[""0.9405817600967169"",""0.0594182399032831""]}",0,2,6,405,0,0
16553,37,17,1609.44,0,0,"{""type"":""1"",""size"":null,""indices"":null,""values"":[""3.9769391584049303"",""-3.9769391584049303""]}","{""type"":""1"",""size"":null,""indices"":null,""values"":[""0.9816019131439309"",""0.01839808685606914""]}",0,37,17,1609.44,0,0
17720,44,1,102,0,0,"{""type"":""1"",""size"":null,""indices"":null,""values"":[""4.60632258156668"",""-4.60632258156668""]}","{""type"":""1"",""size"":null,""indices"":null,""values"":[""0.9901103004113271"",""0.009889699588672918""]}",0,44,1,102,0,0
17126,39,50,192.05,0,0,"{""type"":""1"",""size"":null,""indices"":null,""values"":[""3.359144154682708"",""-3.359144154682708""]}","{""type"":""1"",""size"":null,""indices"":null,""values"":[""0.9664030000152927"",""0.03359699998470733""]}",0,39,50,192.05,0,0
16503,7,51,841.7899999999998,0,0,"{""type"":""1"",""size"":null,""indices"":null,""values"":[""2.013512273217276"",""-2.013512273217276""]}","{""type"":""1"",""size"":null,""indices"":null,""values"":[""0.8822084961557705"",""0.11779150384422954""]}",0,7,51,841.7899999999998,0,0
14560,34,14,408.17,0,0,"{""type"":""1"",""size"":null,""indices"":null,""values"":[""3.91646462191364"",""-3.91646462191364""]}","{""type"":""1"",""size"":null,""indices"":null,""values"":[""0.9804773577900283"",""0.019522642209971686""]}",0,34,14,408.17,0,0
17068,7,37,401.44999999999993,0,0,"{""type"":""1"",""size"":null,""indices"":null,""values"":[""2.3107238557773777"",""-2.3107238557773777""]}","{""type"":""1"",""size"":null,""indices"":null,""values"":[""0.9097612983568617"",""0.0902387016431383""]}",0,7,37,401.44999999999993,0,0
17692,36,25,343.2600000000001,0,0,"{""type"":""1"",""size"":null,""indices"":null,""values"":[""3.7657163907858635"",""-3.7657163907858635""]}","{""type"":""1"",""size"":null,""indices"":null,""values"":[""0.9773728211796986"",""0.022627178820301408""]}",0,36,25,343.2600000000001,0,0
17454,36,9,165.85000000000002,0,0,"{""type"":""1"",""size"":null,""indices"":null,""values"":[""4.105386770854551"",""-4.105386770854551""]}","{""type"":""1"",""size"":null,""indices"":null,""values"":[""0.9837836620990527"",""0.016216337900947342""]}",0,36,9,165.85000000000002,0,0
16781,49,17,311.24999999999994,0,0,"{""type"":""1"",""size"":null,""indices"":null,""values"":[""4.473590089421608"",""-4.473590089421608""]}","{""type"":""1"",""size"":null,""indices"":null,""values"":[""0.9887223436036982"",""0.01127765639630185""]}",0,49,17,311.24999999999994,0,0
14409,45,2,328.80000000000007,0,0,"{""type"":""1"",""size"":null,""indices"":null,""values"":[""4.62648076039711"",""-4.62648076039711""]}","{""type"":""1"",""size"":null,""indices"":null,""values"":[""0.9903057495469052"",""0.0096942504530948""]}",0,45,2,328.80000000000007,0,0
15194,13,91,1890.5400000000009,3,0,"{""type"":""1"",""size"":null,""indices"":null,""values"":[""1.2845971725535104"",""-1.2845971725535104""]}","{""type"":""1"",""size"":null,""indices"":null,""values"":[""0.7832313007360896"",""0.2167686992639104""]}",0,13,91,1890.5400000000009,3,0
16718,46,41,582.1399999999999,0,0,"{""type"":""1"",""size"":null,""indices"":null,""values"":[""3.839921786564407"",""-3.839921786564407""]}","{""type"":""1"",""size"":null,""indices"":null,""values"":[""0.9789570418312196"",""0.021042958168780435""]}",0,46,41,582.1399999999999,0,0
12483,16,13,547.5600000000001,0,0,"{""type"":""1"",""size"":null,""indices"":null,""values"":[""3.192717624142917"",""-3.192717624142917""]}","{""type"":""1"",""size"":null,""indices"":null,""values"":[""0.9605593069412345"",""0.03944069305876552""]}",0,16,13,547.5600000000001,0,0
13089,3,257,9650.390000000001,1,1,"{""type"":""1"",""size"":null,""indices"":null,""values"":[""-2.5679823858394295"",""2.5679823858394295""]}","{""type"":""1"",""size"":null,""indices"":null,""values"":[""0.0712276624883995"",""0.9287723375116005""]}",1,3,257,9650.390000000001,1,1
12377,31,43,1001.52,0,0,"{""type"":""1"",""size"":null,""indices"":null,""values"":[""3.1766493252849743"",""-3.1766493252849743""]}","{""type"":""1"",""size"":null,""indices"":null,""values"":[""0.9599460321473171"",""0.04005396785268289""]}",0,31,43,1001.52,0,0
13155,3,62,563.3,0,0,"{""type"":""1"",""size"":null,""indices"":null,""values"":[""1.6144385765811609"",""-1.6144385765811609""]}","{""type"":""1"",""size"":null,""indices"":null,""values"":[""0.8340267127895723"",""0.1659732872104277""]}",0,3,62,563.3,0,0
17511,15,122,10573.220000000003,3,1,"{""type"":""1"",""size"":null,""indices"":null,""values"":[""0.7092609663398743"",""-0.7092609663398743""]}","{""type"":""1"",""size"":null,""indices"":null,""values"":[""0.6702378398257414"",""0.32976216017425863""]}",0,15,122,10573.220000000003,3,1
12980,8,5,1611.24,0,0,"{""type"":""1"",""size"":null,""indices"":null,""values"":[""3.031452193499476"",""-3.031452193499476""]}","{""type"":""1"",""size"":null,""indices"":null,""values"":[""0.9539749760692814"",""0.04602502393071861""]}",0,8,5,1611.24,0,0
15845,14,13,303.36,0,0,"{""type"":""1"",""size"":null,""indices"":null,""values"":[""3.109942468973471"",""-3.109942468973471""]}","{""type"":""1"",""size"":null,""indices"":null,""values"":[""0.9573010042173066"",""0.04269899578269343""]}",0,14,13,303.36,0,0
14587,8,79,208.05000000000004,0,0,"{""type"":""1"",""size"":null,""indices"":null,""values"":[""1.4604766856817961"",""-1.4604766856817961""]}","{""type"":""1"",""size"":null,""indices"":null,""values"":[""0.8116055717914563"",""0.18839442820854368""]}",0,8,79,208.05000000000004,0,0
17790,34,24,399.54999999999995,0,0,"{""type"":""1"",""size"":null,""indices"":null,""values"":[""3.70417063437071"",""-3.70417063437071""]}","{""type"":""1"",""size"":null,""indices"":null,""values"":[""0.975970981138989"",""0.024029018861011053""]}",0,34,24,399.54999999999995,0,0
17218,11,116,765.6299999999998,1,0,"{""type"":""1"",""size"":null,""indices"":null,""values"":[""0.7564634591936636"",""-0.7564634591936636""]}","{""type"":""1"",""size"":null,""indices"":null,""values"":[""0.6805854205347812"",""0.3194145794652188""]}",0,11,116,765.6299999999998,1,0
17862,0,11,330.90000000000003,0,0,"{""type"":""1"",""size"":null,""indices"":null,""values"":[""2.5729751802959333"",""-2.5729751802959333""]}","{""type"":""1"",""size"":null,""indices"":null,""values"":[""0.9291019259884671"",""0.07089807401153292""]}",0,0,11,330.90000000000003,0,0
12413,14,24,479.24999999999994,1,0,"{""type"":""1"",""size"":null,""indices"":null,""values"":[""2.833730877342786"",""-2.833730877342786""]}","{""type"":""1"",""size"":null,""indices"":null,""values"":[""0.944471592723628"",""0.05552840727637198""]}",0,14,24,479.24999999999994,1,0
17968,50,74,237.00000000000003,2,0,"{""type"":""1"",""size"":null,""indices"":null,""values"":[""3.2195255273447074"",""-3.2195255273447074""]}","{""type"":""1"",""size"":null,""indices"":null,""values"":[""0.9615624817932893"",""0.03843751820671071""]}",0,50,74,237.00000000000003,2,0
12712,8,31,721.2800000000002,0,0,"{""type"":""1"",""size"":null,""indices"":null,""values"":[""2.4794878258878588"",""-2.4794878258878588""]}","{""type"":""1"",""size"":null,""indices"":null,""values"":[""0.9226912713223988"",""0.07730872867760119""]}",0,8,31,721.2800000000002,0,0
13270,43,1,590,0,0,"{""type"":""1"",""size"":null,""indices"":null,""values"":[""4.564935003981956"",""-4.564935003981956""]}","{""type"":""1"",""size"":null,""indices"":null,""values"":[""0.9896967071757297"",""0.010303292824270338""]}",0,43,1,590,0,0
15965,44,16,156.19000000000003,0,0,"{""type"":""1"",""size"":null,""indices"":null,""values"":[""4.287881600252285"",""-4.287881600252285""]}","{""type"":""1"",""size"":null,""indices"":null,""values"":[""0.986452078419661"",""0.013547921580339017""]}",0,44,16,156.19000000000003,0,0
13890,35,11,190.35000000000002,0,0,"{""type"":""1"",""size"":null,""indices"":null,""values"":[""4.021540395761242"",""-4.021540395761242""]}","{""type"":""1"",""size"":null,""indices"":null,""values"":[""0.9823903276582912"",""0.01760967234170885""]}",0,35,11,190.35000000000002,0,0
13473,9,12,241.26,0,0,"{""type"":""1"",""size"":null,""indices"":null,""values"":[""2.924233979804148"",""-2.924233979804148""]}","{""type"":""1"",""size"":null,""indices"":null,""values"":[""0.949031489540002"",""0.05096851045999795""]}",0,9,12,241.26,0,0
15426,46,74,363.1699999999999,0,0,"{""type"":""1"",""size"":null,""indices"":null,""values"":[""3.139351627672739"",""-3.139351627672739""]}","{""type"":""1"",""size"":null,""indices"":null,""values"":[""0.9584870898980181"",""0.04151291010198188""]}",0,46,74,363.1699999999999,0,0
14866,43,1,103.67999999999999,0,0,"{""type"":""1"",""size"":null,""indices"":null,""values"":[""4.564935003981956"",""-4.564935003981956""]}","{""type"":""1"",""size"":null,""indices"":null,""values"":[""0.9896967071757297"",""0.010303292824270338""]}",0,43,1,103.67999999999999,0,0
14810,11,38,324.44000000000005,0,0,"{""type"":""1"",""size"":null,""indices"":null,""values"":[""2.455044767361977"",""-2.455044767361977""]}","{""type"":""1"",""size"":null,""indices"":null,""values"":[""0.9209295830741615"",""0.0790704169258385""]}",0,11,38,324.44000000000005,0,0
15513,2,35,2085.52,0,1,"{""type"":""1"",""size"":null,""indices"":null,""values"":[""2.146244765362348"",""-2.146244765362348""]}","{""type"":""1"",""size"":null,""indices"":null,""values"":[""0.8953173426444201"",""0.10468265735557991""]}",0,2,35,2085.52,0,1
14577,39,34,307.6,0,0,"{""type"":""1"",""size"":null,""indices"":null,""values"":[""3.6988145347513957"",""-3.6988145347513957""]}","{""type"":""1"",""size"":null,""indices"":null,""values"":[""0.9758450511603622"",""0.024154948839637758""]}",0,39,34,307.6,0,0
15298,1,39,873.08,2,0,"{""type"":""1"",""size"":null,""indices"":null,""values"":[""1.9345631820935294"",""-1.9345631820935294""]}","{""type"":""1"",""size"":null,""indices"":null,""values"":[""0.8737536354398018"",""0.12624636456019822""]}",0,1,39,873.08,2,0
15107,7,16,278.7,0,0,"{""type"":""1"",""size"":null,""indices"":null,""values"":[""2.7565412296175302"",""-2.7565412296175302""]}","{""type"":""1"",""size"":null,""indices"":null,""values"":[""0.9402817126054595"",""0.05971828739454055""]}",0,7,16,278.7,0,0
16473,13,8,149.41,0,0,"{""type"":""1"",""size"":null,""indices"":null,""values"":[""3.1747018851602125"",""-3.1747018851602125""]}","{""type"":""1"",""size"":null,""indices"":null,""values"":[""0.9598710866546768"",""0.0401289133453232""]}",0,13,8,149.41,0,0
14355,42,11,174.4,0,0,"{""type"":""1"",""size"":null,""indices"":null,""values"":[""4.311253438854304"",""-4.311253438854304""]}","{""type"":""1"",""size"":null,""indices"":null,""values"":[""0.9867609032708632"",""0.013239096729136812""]}",0,42,11,174.4,0,0
13629,15,3,660,0,0,"{""type"":""1"",""size"":null,""indices"":null,""values"":[""3.3636240341011234"",""-3.3636240341011234""]}","{""type"":""1"",""size"":null,""indices"":null,""values"":[""0.9665481502984888"",""0.03345184970151116""]}",0,15,3,660,0,0
16350,10,22,376.69999999999993,0,0,"{""type"":""1"",""size"":null,""indices"":null,""values"":[""2.7533275698459416"",""-2.7533275698459416""]}","{""type"":""1"",""size"":null,""indices"":null,""values"":[""0.9401010036059723"",""0.05989899639402774""]}",0,10,22,376.69999999999993,0,0
17965,8,75,589.2200000000001,0,0,"{""type"":""1"",""size"":null,""indices"":null,""values"":[""1.545394280698968"",""-1.545394280698968""]}","{""type"":""1"",""size"":null,""indices"":null,""values"":[""0.8242475271116125"",""0.17575247288838747""]}",0,8,75,589.2200000000001,0,0
14161,46,26,283.15,0,0,"{""type"":""1"",""size"":null,""indices"":null,""values"":[""4.158362767878802"",""-4.158362767878802""]}","{""type"":""1"",""size"":null,""indices"":null,""values"":[""0.9846075009257086"",""0.01539249907429141""]}",0,46,26,283.15,0,0
16411,46,19,123.6,0,0,"{""type"":""1"",""size"":null,""indices"":null,""values"":[""4.306968559158852"",""-4.306968559158852""]}","{""type"":""1"",""size"":null,""indices"":null,""values"":[""0.9867048094510206"",""0.01329519054897943""]}",0,46,19,123.6,0,0
15197,35,3,556.5,0,0,"{""type"":""1"",""size"":null,""indices"":null,""values"":[""4.191375585795585"",""-4.191375585795585""]}","{""type"":""1"",""size"":null,""indices"":null,""values"":[""0.9850999066460129"",""0.01490009335398712""]}",0,35,3,556.5,0,0
14307,1,79,1270.56,2,0,"{""type"":""1"",""size"":null,""indices"":null,""values"":[""1.0853872319218105"",""-1.0853872319218105""]}","{""type"":""1"",""size"":null,""indices"":null,""values"":[""0.7475121125080493"",""0.2524878874919507""]}",0,1,79,1270.56,2,0
12437,8,7,392.69999999999993,0,0,"{""type"":""1"",""size"":null,""indices"":null,""values"":[""2.98899339599089"",""-2.98899339599089""]}","{""type"":""1"",""size"":null,""indices"":null,""values"":[""0.9520744009768121"",""0.04792559902318794""]}",0,8,7,392.69999999999993,0,0
18198,13,19,300.53999999999996,0,0,"{""type"":""1"",""size"":null,""indices"":null,""values"":[""2.94117849886299"",""-2.94117849886299""]}","{""type"":""1"",""size"":null,""indices"":null,""values"":[""0.9498448997574098"",""0.05015510024259018""]}",0,13,19,300.53999999999996,0,0
14653,15,29,344.81000000000006,1,0,"{""type"":""1"",""size"":null,""indices"":null,""values"":[""2.7689714611560445"",""-2.7689714611560445""]}","{""type"":""1"",""size"":null,""indices"":null,""values"":[""0.9409758871163072"",""0.0590241128836928""]}",0,15,29,344.81000000000006,1,0
14491,49,4,127.2,0,0,"{""type"":""1"",""size"":null,""indices"":null,""values"":[""4.749572273227416"",""-4.749572273227416""]}","{""type"":""1"",""size"":null,""indices"":null,""values"":[""0.9914188764707298"",""0.008581123529270207""]}",0,49,4,127.2,0,0
18092,7,21,3111.8399999999997,0,1,"{""type"":""1"",""size"":null,""indices"":null,""values"":[""2.6503942358460653"",""-2.6503942358460653""]}","{""type"":""1"",""size"":null,""indices"":null,""values"":[""0.9340352848651681"",""0.06596471513483193""]}",0,7,21,3111.8399999999997,0,1
18069,4,72,285.01000000000005,0,0,"{""type"":""1"",""size"":null,""indices"":null,""values"":[""1.4435321666229544"",""-1.4435321666229544""]}","{""type"":""1"",""size"":null,""indices"":null,""values"":[""0.8090010318156594"",""0.1909989681843406""]}",0,4,72,285.01000000000005,0,0
17611,1,90,565.59,0,0,"{""type"":""1"",""size"":null,""indices"":null,""values"":[""0.9372402562915114"",""-0.9372402562915114""]}","{""type"":""1"",""size"":null,""indices"":null,""values"":[""0.7185418651272918"",""0.2814581348727082""]}",0,1,90,565.59,0,0
17629,36,11,238.65,0,0,"{""type"":""1"",""size"":null,""indices"":null,""values"":[""4.062927973345965"",""-4.062927973345965""]}","{""type"":""1"",""size"":null,""indices"":null,""values"":[""0.9830922019448495"",""0.016907798055150525""]}",0,36,11,238.65,0,0
18050,36,5,74.4,0,0,"{""type"":""1"",""size"":null,""indices"":null,""values"":[""4.190304365871723"",""-4.190304365871723""]}","{""type"":""1"",""size"":null,""indices"":null,""values"":[""0.9850841750202459"",""0.014915824979754078""]}",0,36,5,74.4,0,0
17364,8,44,413.88,0,0,"{""type"":""1"",""size"":null,""indices"":null,""values"":[""2.20350564208205"",""-2.20350564208205""]}","{""type"":""1"",""size"":null,""indices"":null,""values"":[""0.9005638772734308"",""0.09943612272656921""]}",0,8,44,413.88,0,0
17430,42,5,112.60000000000001,0,0,"{""type"":""1"",""size"":null,""indices"":null,""values"":[""4.438629831380061"",""-4.438629831380061""]}","{""type"":""1"",""size"":null,""indices"":null,""values"":[""0.9883257851117946"",""0.011674214888205414""]}",0,42,5,112.60000000000001,0,0
15160,34,4,158.16000000000003,0,0,"{""type"":""1"",""size"":null,""indices"":null,""values"":[""4.12875860945657"",""-4.12875860945657""]}","{""type"":""1"",""size"":null,""indices"":null,""values"":[""0.9841523362984637"",""0.01584766370153634""]}",0,34,4,158.16000000000003,0,0
14428,2,24,203.55,0,0,"{""type"":""1"",""size"":null,""indices"":null,""values"":[""2.3797681516595706"",""-2.3797681516595706""]}","{""type"":""1"",""size"":null,""indices"":null,""values"":[""0.9152714562501214"",""0.0847285437498786""]}",0,2,24,203.55,0,0
17251,39,37,269.8299999999999,0,0,"{""type"":""1"",""size"":null,""indices"":null,""values"":[""3.635126338488517"",""-3.635126338488517""]}","{""type"":""1"",""size"":null,""indices"":null,""values"":[""0.9742974474981414"",""0.0257025525018586""]}",0,39,37,269.8299999999999,0,0
16700,43,14,336.94,0,0,"{""type"":""1"",""size"":null,""indices"":null,""values"":[""4.2889528201761475"",""-4.2889528201761475""]}","{""type"":""1"",""size"":null,""indices"":null,""values"":[""0.9864663871472551"",""0.013533612852744903""]}",0,43,14,336.94,0,0
15213,6,22,313.2,0,0,"{""type"":""1"",""size"":null,""indices"":null,""values"":[""2.587777259507049"",""-2.587777259507049""]}","{""type"":""1"",""size"":null,""indices"":null,""values"":[""0.9300707901702525"",""0.06992920982974749""]}",0,6,22,313.2,0,0
13092,36,7,185.45,0,0,"{""type"":""1"",""size"":null,""indices"":null,""values"":[""4.147845568363136"",""-4.147845568363136""]}","{""type"":""1"",""size"":null,""indices"":null,""values"":[""0.9844472917079743"",""0.015552708292025708""]}",0,36,7,185.45,0,0
13491,9,22,336.89,0,0,"{""type"":""1"",""size"":null,""indices"":null,""values"":[""2.7119399922612186"",""-2.7119399922612186""]}","{""type"":""1"",""size"":null,""indices"":null,""values"":[""0.9377275299570801"",""0.062272470042919914""]}",0,9,22,336.89,0,0
17593,29,26,662.9000000000001,0,0,"{""type"":""1"",""size"":null,""indices"":null,""values"":[""3.4547739489385085"",""-3.4547739489385085""]}","{""type"":""1"",""size"":null,""indices"":null,""values"":[""0.9693731915245547"",""0.0306268084754453""]}",0,29,26,662.9000000000001,0,0
13747,50,1,79.6,0,0,"{""type"":""1"",""size"":null,""indices"":null,""values"":[""4.854648047075019"",""-4.854648047075019""]}","{""type"":""1"",""size"":null,""indices"":null,""values"":[""0.9922681716741723"",""0.00773182832582775""]}",0,50,1,79.6,0,0
14976,3,16,155.95,0,0,"{""type"":""1"",""size"":null,""indices"":null,""values"":[""2.590990919278638"",""-2.590990919278638""]}","{""type"":""1"",""size"":null,""indices"":null,""values"":[""0.9302795151005173"",""0.06972048489948268""]}",0,3,16,155.95,0,0
16710,37,70,517.3699999999999,0,0,"{""type"":""1"",""size"":null,""indices"":null,""values"":[""2.8517810244274027"",""-2.8517810244274027""]}","{""type"":""1"",""size"":null,""indices"":null,""values"":[""0.9454106732158871"",""0.05458932678411288""]}",0,37,70,517.3699999999999,0,0
12839,34,36,722.5499999999998,0,0,"{""type"":""1"",""size"":null,""indices"":null,""values"":[""3.4494178493191945"",""-3.4494178493191945""]}","{""type"":""1"",""size"":null,""indices"":null,""values"":[""0.9692137749225117"",""0.030786225077488294""]}",0,34,36,722.5499999999998,0,0
16112,10,10,136.14000000000001,3,0,"{""type"":""1"",""size"":null,""indices"":null,""values"":[""2.8800157388970717"",""-2.8800157388970717""]}","{""type"":""1"",""size"":null,""indices"":null,""values"":[""0.9468496556735649"",""0.05315034432643506""]}",0,10,10,136.14000000000001,3,0
14769,1,57,870.99,1,0,"{""type"":""1"",""size"":null,""indices"":null,""values"":[""1.5951222098497175"",""-1.5951222098497175""]}","{""type"":""1"",""size"":null,""indices"":null,""values"":[""0.8313355421650448"",""0.1686644578349552""]}",0,1,57,870.99,1,0
12963,42,16,365.80000000000007,0,0,"{""type"":""1"",""size"":null,""indices"":null,""values"":[""4.205106445082839"",""-4.205106445082839""]}","{""type"":""1"",""size"":null,""indices"":null,""values"":[""0.9853001126197835"",""0.014699887380216548""]}",0,42,16,365.80000000000007,0,0
17634,14,74,785.6499999999999,0,0,"{""type"":""1"",""size"":null,""indices"":null,""values"":[""1.8149491449615995"",""-1.8149491449615995""]}","{""type"":""1"",""size"":null,""indices"":null,""values"":[""0.8599589600350972"",""0.1400410399649028""]}",0,14,74,785.6499999999999,0,0
15894,46,32,129.54000000000002,3,0,"{""type"":""1"",""size"":null,""indices"":null,""values"":[""3.902921759352658"",""-3.902921759352658""]}","{""type"":""1"",""size"":null,""indices"":null,""values"":[""0.9802164331101202"",""0.01978356688987981""]}",0,46,32,129.54000000000002,3,0
15358,15,82,1278.4100000000003,1,0,"{""type"":""1"",""size"":null,""indices"":null,""values"":[""1.643813327178517"",""-1.643813327178517""]}","{""type"":""1"",""size"":null,""indices"":null,""values"":[""0.8380531498462572"",""0.16194685015374277""]}",0,15,82,1278.4100000000003,1,0
15823,49,1,15,0,0,"{""type"":""1"",""size"":null,""indices"":null,""values"":[""4.813260469490295"",""-4.813260469490295""]}","{""type"":""1"",""size"":null,""indices"":null,""values"":[""0.9919440876685203"",""0.008055912331479731""]}",0,49,1,15,0,0
16814,2,64,1452.6599999999999,0,0,"{""type"":""1"",""size"":null,""indices"":null,""values"":[""1.530592201487852"",""-1.530592201487852""]}","{""type"":""1"",""size"":null,""indices"":null,""values"":[""0.8220929438363643"",""0.17790705616363567""]}",0,2,64,1452.6599999999999,0,0
